-1,-1,-1,-1,-1,-1,-1,-1,-1,-1,-1,-1,-1,-1,-1,-1,-1,-1,-1,-1,-1,9.47176684881603,10.018214936247723,0.0,-1,-1,-1,-1,14.025500910746812,14.025500910746812,14.025500910746812,14.025500910746812,-1,-1,-1,-1,-1,-1,-1,-1,-1,-1,-1,-1,-1,-1,-1,-1,24.043715846994534,32.05828779599271,-1,-1,-1,-1,-1,-1,-1,51.7304189435337,61.56648451730419,71.5846994535519,-1,-1,53.916211293260474,-1,71.5846994535519,-1,32.05828779599271,-1,-1,-1,-1,-1,-1,-1,45.90163934426229,-1,34.06193078324226,-1,47.540983606557376,-1,-1,-1,43.169398907103826,-1,-1,42.25865209471767,-1,-1,100.0,-1,-1,-1,-1,-1,-1,-1,82.87795992714025,-1,-1,-1,21.493624772313296,-1,-1,-1,59.92714025500911,-1,-1,-1,-1,-1,-1,-1,-1,-1,-1,-1,-1,-1,-1,-1,-1,-1,-1,-1,-1,-1,-1,-1,-1,-1,-1,-1,-1,-1,-1,-1,-1,-1,-1,-1,-1,-1,-1,-1,-1,-1,-1,-1,-1,-1,-1,-1,-1,-1,-1,-1,-1,-1,-1,-1
-1,-1,20.31152647975078,-1,-1,-1,-1,0.0,-1,-1,-1,42.92834890965732,-1,-1,-1,-1,-1,-1,19.87538940809969,-1,-1,-1,-1,-1,-1,-1,99.4392523364486,-1,62.679127725856695,-1,-1,-1,52.087227414330215,73.27102803738318,67.66355140186916,-1,-1,-1,79.12772585669782,87.91277258566979,48.41121495327103,59.81308411214953,64.29906542056075,96.32398753894081,39.68847352024922,74.51713395638629,52.21183800623053,42.80373831775701,-1,71.40186915887851,73.27102803738318,-1,52.71028037383178,63.925233644859816,96.32398753894081,89.47040498442368,50.218068535825545,-1,70.77881619937695,57.07165109034268,-1,78.8785046728972,-1,-1,-1,68.28660436137072,-1,-1,72.02492211838006,-1,-1,-1,53.333333333333336,-1,89.47040498442368,-1,-1,64.04984423676012,-1,-1,45.29595015576324,-1,-1,-1,-1,-1,-1,-1,48.41121495327103,49.40809968847352,-1,-1,48.97196261682243,89.47040498442368,-1,-1,34.0809968847352,-1,-1,-1,-1,-1,-1,-1,44.361370716510905,64.54828660436137,65.17133956386293,53.45794392523364,40.87227414330218,-1,-1,-1,45.109034267912776,-1,-1,42.49221183800623,-1,-1,78.94080996884735,73.58255451713396,-1,-1,-1,-1,-1,40.06230529595015,64.54828660436137,-1,44.04984423676012,33.5202492211838,42.55451713395639,45.29595015576324,33.14641744548287,34.953271028037385,31.713395638629283,55.32710280373832,-1,-1,-1,-1,-1,10.15576323987539,9.345794392523365,0.8722741433021807,-1,10.15576323987539,47.601246105919,47.601246105919,43.613707165109034,-1,52.46105919003115,-1,-1,89.65732087227414,45.981308411214954,69.96884735202492,96.26168224299066,51.21495327102804,78.81619937694704,100.0
22.478386167146976,20.172910662824208,21.902017291066283,-1,-1,-1,-1,-1,-1,-1,-1,-1,-1,-1,-1,-1,10.951008645533141,-1,-1,-1,-1,-1,-1,-1,-1,-1,39.76945244956772,-1,-1,59.07780979827089,38.61671469740634,39.76945244956772,-1,-1,-1,-1,-1,-1,-1,-1,50.43227665706052,52.44956772334294,51.29682997118156,-1,52.44956772334294,54.46685878962536,50.14409221902017,50.720461095100866,-1,-1,38.61671469740634,100.0,-1,41.325648414985594,-1,32.27665706051873,-1,-1,40.7492795389049,-1,76.94524495677233,-1,79.2507204610951,-1,37.46397694524496,54.75504322766571,53.31412103746398,-1,-1,32.79538904899135,-1,50.43227665706052,-1,-1,-1,-1,54.75504322766571,39.76945244956772,54.46685878962536,60.518731988472624,44.668587896253605,47.55043227665706,45.53314121037464,47.83861671469741,-1,60.518731988472624,-1,65.99423631123919,40.05763688760807,31.70028818443804,49.85590778097983,57.06051873198847,41.78674351585014,45.99423631123919,47.55043227665706,-1,51.29682997118156,50.14409221902017,34.5821325648415,-1,67.72334293948127,55.61959654178674,62.53602305475504,69.7406340057637,-1,34.5821325648415,50.14409221902017,-1,32.27665706051873,31.70028818443804,28.24207492795389,-1,32.85302593659942,-1,-1,20.172910662824208,-1,-1,34.5821325648415,-1,-1,21.729106628242075,32.91066282420749,37.11815561959654,5.936599423631124,19.020172910662826,26.22478386167147,-1,21.729106628242075,24.553314121037463,19.596541786743515,8.760806916426512,29.394812680115272,49.56772334293948,30.028818443804035,-1,4.610951008645533,-1,-1,-1,-1,1.1527377521613833,0.0,2.0172910662824206,2.190201729106628,3.112391930835735,0.8645533141210374,-1,18.73198847262248,23.40057636887608,9.394812680115274,7.089337175792507,62.88184438040346,29.337175792507203,22.824207492795388,46.68587896253602,44.610951008645536,34.75504322766571,-1,-1
-1,-1,-1,-1,-1,-1,-1,-1,-1,-1,-1,-1,-1,-1,-1,-1,-1,-1,-1,-1,-1,-1,-1,-1,-1,-1,-1,-1,100.0,-1,-1,-1,-1,-1,-1,-1,-1,-1,-1,-1,-1,-1,-1,-1,-1,-1,-1,-1,-1,-1,-1,-1,-1,-1,-1,-1,-1,-1,-1,-1,-1,-1,-1,-1,-1,-1,-1,-1,-1,-1,-1,-1,-1,-1,-1,-1,-1,-1,-1,-1,-1,-1,-1,-1,-1,-1,-1,-1,-1,-1,-1,-1,-1,-1,-1,-1,-1,-1,-1,-1,-1,-1,-1,-1,-1,-1,-1,-1,-1,-1,-1,-1,-1,-1,-1,-1,-1,-1,-1,-1,-1,-1,-1,-1,-1,-1,-1,-1,10.38961038961039,-1,-1,-1,10.38961038961039,-1,-1,-1,3.896103896103896,-1,-1,-1,0.0,-1,-1,-1,-1,-1,-1,-1,1.2987012987012987,-1,-1,-1,-1,85.71428571428571,85.71428571428571,35.064935064935064,-1,-1,-1,-1
-1,-1,-1,-1,-1,-1,-1,-1,-1,-1,-1,-1,-1,-1,-1,-1,-1,-1,5.290505432215399,-1,-1,-1,-1,-1,-1,-1,-1,-1,-1,-1,-1,-1,-1,-1,-1,-1,-1,-1,-1,-1,-1,-1,-1,-1,-1,-1,-1,-1,-1,-1,-1,-1,-1,-1,-1,-1,-1,-1,-1,-1,-1,-1,-1,-1,-1,-1,-1,-1,-1,-1,97.07132735002362,-1,-1,-1,-1,-1,25.36608408124705,25.271610769957487,24.846480869154465,24.61029759093056,-1,-1,-1,-1,-1,-1,100.0,-1,-1,-1,-1,-1,-1,-1,57.06188001889466,-1,-1,43.930089749645724,48.228625413320735,-1,-1,-1,-1,-1,-1,-1,-1,-1,14.92678318375059,12.753897024090694,12.517713745866793,14.690599905526689,-1,-1,-1,-1,-1,-1,-1,-1,-1,-1,-1,-1,-1,-1,-1,-1,-1,-1,-1,-1,-1,-1,-1,-1,-1,-1,-1,-1,0.0,-1,29.286726499763816,-1,-1,54.55833726972131,55.40859707132735,-1,-1,-1,-1,-1,-1,-1,-1,-1,-1,-1,11.147850732168163,-1
-1,-1,-1,-1,-1,-1,-1,-1,-1,-1,-1,-1,-1,-1,-1,-1,-1,-1,-1,-1,-1,-1,-1,-1,-1,100.0,96.91629955947137,-1,-1,85.46255506607929,-1,-1,74.44933920704845,-1,-1,-1,-1,84.14096916299559,71.80616740088105,-1,-1,83.25991189427313,-1,-1,-1,52.863436123348016,-1,-1,-1,71.80616740088105,-1,-1,-1,-1,-1,-1,-1,-1,-1,-1,-1,-1,-1,-1,-1,71.80616740088105,-1,-1,-1,-1,-1,-1,-1,29.955947136563875,51.10132158590309,-1,-1,-1,-1,-1,-1,-1,51.10132158590309,-1,29.955947136563875,40.52863436123348,8.810572687224669,-1,-1,69.60352422907489,58.590308370044056,-1,-1,45.81497797356828,-1,-1,-1,-1,-1,-1,-1,-1,-1,-1,-1,-1,-1,-1,-1,-1,-1,-1,-1,-1,-1,-1,-1,-1,-1,-1,-1,-1,-1,-1,-1,-1,-1,-1,-1,-1,-1,-1,-1,-1,-1,-1,-1,-1,-1,-1,20.26431718061674,30.39647577092511,0.0,-1,-1,61.67400881057269,-1,-1,-1,25.550660792951543,70.48458149779735,-1,18.061674008810574,44.052863436123346,66.07929515418502,-1,-1,-1,-1,-1
-1,-1,-1,-1,-1,-1,-1,-1,-1,-1,-1,-1,-1,-1,-1,-1,-1,-1,-1,-1,-1,-1,-1,-1,-1,65.48223350253807,65.22842639593908,-1,-1,72.58883248730965,65.48223350253807,-1,-1,77.66497461928934,-1,-1,-1,-1,75.25380710659898,-1,-1,-1,-1,-1,-1,-1,-1,-1,76.6497461928934,82.61421319796955,100.0,-1,-1,-1,-1,-1,-1,58.3756345177665,57.74111675126903,-1,-1,77.53807106598985,77.53807106598985,-1,-1,-1,68.4010152284264,-1,-1,-1,68.02030456852792,-1,-1,-1,-1,-1,-1,-1,70.81218274111676,-1,68.65482233502539,70.81218274111676,66.49746192893402,-1,-1,77.53807106598985,77.53807106598985,-1,-1,-1,68.4010152284264,-1,-1,-1,-1,-1,-1,48.3502538071066,56.7258883248731,-1,-1,-1,-1,-1,-1,-1,-1,-1,-1,-1,-1,-1,-1,-1,-1,-1,-1,-1,-1,-1,-1,-1,-1,-1,-1,-1,-1,-1,1.2690355329949239,0.0,0.25380710659898476,1.649746192893401,11.040609137055837,15.48223350253807,-1,-1,-1,-1,-1,-1,-1,-1,-1,-1,-1,-1,-1,-1,-1,-1,-1,-1,-1,-1,-1,-1,-1,-1,20.685279187817258,15.48223350253807
-1,-1,-1,-1,-1,-1,-1,-1,-1,-1,-1,-1,-1,-1,-1,-1,-1,-1,-1,-1,-1,-1,-1,-1,-1,-1,-1,-1,-1,-1,-1,-1,-1,-1,-1,-1,-1,-1,-1,-1,-1,-1,-1,-1,-1,-1,-1,-1,-1,-1,-1,-1,-1,-1,-1,-1,-1,-1,-1,-1,-1,-1,-1,-1,-1,-1,62.974203338391504,-1,-1,-1,-1,-1,-1,69.04400606980273,100.0,-1,-1,86.64643399089529,71.16843702579666,67.22306525037936,-1,-1,-1,-1,-1,-1,82.09408194233687,-1,-1,-1,-1,-1,-1,-1,-1,-1,-1,35.35660091047041,-1,-1,-1,-1,-1,-1,-1,-1,-1,-1,-1,-1,-1,-1,-1,-1,-1,-1,-1,-1,-1,-1,-1,-1,-1,-1,-1,-1,-1,-1,-1,-1,-1,-1,-1,-1,-1,-1,-1,-1,-1,-1,-1,-1,-1,-1,-1,-1,-1,-1,-1,-1,-1,-1,-1,49.92412746585736,-1,-1,29.590288315629742,0.0,-1,-1
60.37735849056604,-1,-1,-1,-1,-1,-1,-1,-1,-1,-1,-1,-1,-1,-1,-1,-1,-1,-1,-1,-1,-1,-1,-1,-1,-1,-1,-1,-1,-1,36.477987421383645,26.41509433962264,-1,-1,47.16981132075472,-1,-1,-1,52.83018867924528,-1,-1,-1,-1,-1,-1,38.9937106918239,-1,-1,-1,-1,50.943396226415096,-1,-1,-1,-1,-1,-1,-1,-1,-1,-1,-1,-1,-1,-1,-1,-1,-1,-1,-1,-1,-1,-1,62.893081761006286,-1,-1,-1,-1,-1,-1,-1,45.283018867924525,-1,-1,-1,-1,35.84905660377358,24.528301886792452,-1,-1,24.528301886792452,-1,-1,-1,-1,-1,-1,17.61006289308176,-1,-1,-1,-1,-1,-1,-1,100.0,-1,-1,-1,-1,-1,-1,-1,-1,-1,-1,16.352201257861637,27.67295597484277,-1,-1,-1,-1,-1,-1,-1,-1,-1,-1,-1,-1,-1,-1,-1,-1,-1,-1,-1,-1,-1,-1,-1,-1,-1,0.0,-1,-1,-1,-1,-1,20.754716981132077,-1,-1,8.80503144654088,20.12578616352201,-1,-1,-1,18.238993710691823,-1,-1
-1,-1,-1,-1,-1,-1,-1,-1,-1,-1,-1,-1,-1,-1,-1,-1,-1,0.0,-1,-1,-1,-1,-1,-1,-1,-1,-1,-1,-1,-1,-1,-1,-1,-1,-1,-1,-1,-1,-1,-1,-1,-1,-1,-1,-1,-1,-1,-1,-1,-1,-1,-1,-1,-1,-1,-1,-1,-1,-1,-1,-1,-1,-1,-1,86.48409893992932,81.00706713780919,64.48763250883393,86.48409893992932,64.48763250883393,75.53003533568905,81.00706713780919,64.48763250883393,77.91519434628975,77.82685512367492,73.0565371024735,77.82685512367492,82.15547703180212,82.15547703180212,100.0,82.15547703180212,-1,-1,-1,-1,82.15547703180212,82.15547703180212,82.15547703180212,82.15547703180212,-1,-1,90.10600706713781,-1,-1,81.44876325088339,92.40282685512368,-1,-1,-1,-1,-1,38.16254416961131,-1,38.16254416961131,35.600706713780916,-1,-1,-1,-1,-1,39.75265017667844,39.840989399293285,38.957597173144876,39.75265017667844,39.75265017667844,39.840989399293285,37.102473498233216,-1,-1,-1,-1,-1,-1,-1,-1,-1,-1,-1,-1,-1,-1,-1,-1,-1,-1,-1,-1,-1,-1,-1,-1,8.03886925795053,8.12720848056537,8.12720848056537,8.12720848056537,9.717314487632509,9.717314487632509,9.717314487632509,8.8339222614841,-1,-1,-1,-1,-1,-1,-1,-1,-1,-1,-1,-1
26.714285714285715,31.0,39.57142857142857,41.714285714285715,19.571428571428573,48.857142857142854,25.285714285714285,33.857142857142854,17.428571428571427,21.714285714285715,28.857142857142858,27.428571428571427,13.142857142857142,20.285714285714285,14.571428571428571,33.857142857142854,13.857142857142858,-1,8.857142857142858,8.142857142857142,-1,8.857142857142858,25.285714285714285,-1,-1,-1,66.71428571428571,71.0,-1,61.0,61.0,69.57142857142857,68.85714285714286,58.857142857142854,-1,-1,-1,72.42857142857143,75.28571428571429,75.28571428571429,56.714285714285715,50.285714285714285,61.0,99.57142857142857,-1,48.142857142857146,-1,-1,-1,-1,-1,-1,-1,81.0,69.57142857142857,86.71428571428571,-1,53.857142857142854,68.78571428571429,81.0,-1,100.0,90.28571428571429,100.0,58.142857142857146,68.14285714285714,98.64285714285714,74.28571428571429,55.285714285714285,64.42857142857143,65.07142857142857,76.21428571428571,-1,32.07142857142857,-1,-1,81.57142857142857,83.42857142857143,90.71428571428571,97.92857142857143,70.35714285714286,71.64285714285714,49.785714285714285,-1,-1,51.0,66.0,-1,58.142857142857146,52.92857142857143,87.42857142857143,81.64285714285714,24.785714285714285,-1,68.35714285714286,-1,-1,58.357142857142854,-1,-1,-1,64.0,15.142857142857142,71.0,-1,42.0,66.42857142857143,28.071428571428573,23.0,71.64285714285714,34.857142857142854,69.71428571428571,-1,16.357142857142858,-1,-1,17.785714285714285,45.42857142857143,-1,-1,-1,45.42857142857143,3.9285714285714284,-1,44.07142857142857,21.285714285714285,22.642857142857142,34.642857142857146,16.5,15.0,21.928571428571427,-1,20.357142857142858,16.428571428571427,37.57142857142857,-1,20.357142857142858,2.0,4.642857142857143,38.785714285714285,0.0,7.214285714285714,9.214285714285714,-1,23.142857142857142,24.571428571428573,23.857142857142858,30.285714285714285,46.357142857142854,15.285714285714286,14.571428571428571,-1,36.714285714285715,28.142857142857142,-1,-1,23.0,-1,-1,-1
-1,-1,-1,-1,-1,36.05263157894737,-1,-1,-1,-1,-1,-1,-1,-1,-1,-1,24.736842105263158,24.736842105263158,24.736842105263158,24.736842105263158,-1,-1,-1,-1,-1,-1,-1,-1,-1,-1,-1,-1,-1,-1,-1,-1,-1,-1,-1,-1,-1,-1,-1,-1,-1,-1,-1,-1,-1,-1,-1,-1,-1,-1,-1,-1,-1,-1,-1,-1,-1,-1,-1,-1,-1,-1,-1,-1,84.21052631578948,92.10526315789474,100.0,-1,-1,-1,-1,-1,-1,-1,-1,-1,-1,-1,-1,-1,-1,82.89473684210526,-1,-1,-1,-1,81.57894736842105,-1,-1,-1,82.89473684210526,-1,-1,-1,-1,-1,-1,-1,-1,-1,-1,-1,-1,-1,-1,-1,-1,-1,-1,-1,-1,-1,-1,-1,-1,-1,-1,-1,-1,-1,-1,-1,-1,-1,-1,-1,-1,-1,-1,-1,-1,-1,-1,-1,-1,-1,-1,-1,-1,-1,-1,-1,-1,-1,-1,-1,-1,-1,-1,9.473684210526315,-1,-1,-1,8.421052631578947,0.0,-1
47.651775486827034,51.31729667812142,58.190148911798396,-1,-1,-1,-1,-1,-1,-1,-1,-1,-1,65.97938144329896,-1,-1,-1,-1,-1,-1,-1,-1,-1,-1,-1,-1,-1,-1,-1,-1,-1,-1,-1,-1,-1,-1,-1,-1,-1,-1,-1,-1,-1,-1,-1,-1,-1,-1,-1,-1,-1,-1,64.49026345933562,64.37571592210767,64.37571592210767,-1,-1,84.42153493699885,-1,74.5704467353952,-1,-1,-1,-1,-1,93.58533791523482,-1,-1,84.7651775486827,86.8270332187858,-1,-1,80.18327605956472,100.0,92.09621993127148,-1,88.20160366552119,88.20160366552119,85.4524627720504,88.20160366552119,-1,-1,-1,-1,-1,-1,-1,-1,-1,-1,-1,-1,-1,-1,-1,-1,-1,41.46620847651776,-1,-1,53.72279495990836,79.49599083619702,65.63573883161511,66.20847651775487,39.63344788087056,38.94616265750286,-1,-1,50.85910652920962,46.96449026345933,46.96449026345933,46.96449026345933,48.797250859106526,47.88087056128293,48.797250859106526,48.797250859106526,-1,-1,-1,-1,49.48453608247423,52.92096219931271,47.99541809851088,44.67353951890034,-1,39.86254295532646,37.57159221076747,-1,-1,29.896907216494846,-1,-1,12.485681557846506,35.28064146620848,-1,-1,-1,-1,-1,-1,0.0,-1,-1,-1,-1,-1,-1,-1,53.72279495990836,53.72279495990836,53.608247422680414,53.72279495990836,-1,47.651775486827034,49.942726231386025,-1,-1,-1,43.4135166093929,32.07331042382589
-1,32.90258449304175,31.90854870775348,46.81908548707754,38.866799204771375,30.417495029821072,26.938369781312126,33.39960238568588,17.495029821073558,19.4831013916501,27.435387673956264,35.934393638170974,21.47117296222664,23.956262425447317,31.06361829025845,-1,36.87872763419483,28.52882703777336,23.956262425447317,21.47117296222664,35.88469184890656,-1,34.89065606361829,-1,-1,-1,68.68787276341948,-1,-1,57.25646123260437,-1,-1,89.06560636182903,77.13717693836978,-1,-1,-1,-1,-1,-1,-1,-1,75.64612326043738,74.6520874751491,67.19681908548708,58.74751491053678,53.28031809145129,74.6520874751491,-1,-1,-1,100.0,-1,-1,96.52087475149105,100.0,73.1610337972167,63.220675944334,53.28031809145129,78.62823061630219,-1,-1,86.58051689860835,98.01192842942346,47.31610337972167,56.262425447316105,65.20874751491054,-1,-1,69.68190854870775,59.24453280318092,48.807157057654074,80.11928429423459,69.68190854870775,59.24453280318092,-1,-1,-1,-1,100.0,-1,90.55666003976143,96.52087475149105,100.0,-1,57.75347912524851,60.73558648111332,68.19085487077535,51.789264413518886,57.75347912524851,61.72962226640159,82.60437375745526,-1,76.14314115308152,69.68190854870775,-1,74.15506958250496,81.610337972167,67.89264413518886,-1,-1,-1,75.64612326043738,89.56262425447316,-1,58.25049701789264,73.1610337972167,-1,-1,21.47117296222664,15.506958250497018,9.542743538767395,69.68190854870775,63.71769383697813,45.82504970178926,54.7713717693837,74.6520874751491,64.7117296222664,65.20874751491054,-1,-1,63.71769383697813,68.68787276341948,74.15506958250496,62.72365805168986,35.387673956262425,54.27435387673956,71.66998011928429,-1,62.22664015904572,45.82504970178926,30.91451292246521,69.68190854870775,63.71769383697813,69.68190854870775,-1,26.938369781312126,35.387673956262425,51.29224652087475,60.73558648111332,-1,1.1928429423459244,0.0,5.069582504970179,29.92047713717694,25.447316103379723,20.974155069582505,18.986083499005964,-1,-1,48.807157057654074,66.2027833001988,84.09542743538768,67.69383697813122,72.16699801192843,75.64612326043738,72.11729622266401,64.01590457256461,74.6520874751491,-1
83.33333333333333,-1,-1,-1,-1,-1,-1,-1,0.0,8.666666666666666,90.66666666666667,-1,32.666666666666664,41.333333333333336,60.666666666666664,-1,-1,-1,-1,-1,-1,-1,-1,-1,-1,-1,-1,-1,-1,-1,-1,-1,-1,-1,-1,-1,-1,-1,-1,-1,-1,-1,-1,-1,-1,-1,-1,-1,-1,-1,-1,-1,-1,-1,-1,-1,-1,-1,-1,-1,-1,-1,-1,-1,-1,-1,-1,-1,-1,-1,-1,-1,-1,-1,-1,-1,-1,-1,-1,-1,-1,-1,-1,-1,-1,-1,-1,-1,-1,-1,-1,-1,-1,100.0,-1,-1,-1,-1,-1,-1,-1,-1,-1,-1,-1,-1,-1,-1,-1,-1,-1,-1,-1,-1,-1,-1,-1,-1,-1,-1,-1,-1,-1,-1,-1,-1,-1,-1,-1,-1,-1,-1,-1,-1,-1,-1,-1,-1,-1,-1,-1,-1,-1,-1,-1,-1,-1,-1,-1,-1,-1,-1,-1,-1,-1,-1,-1,-1,-1,-1
-1,-1,-1,-1,-1,-1,-1,-1,-1,-1,-1,-1,20.28985507246377,39.130434782608695,-1,-1,-1,63.768115942028984,42.028985507246375,20.28985507246377,79.71014492753623,57.971014492753625,36.231884057971016,-1,17.391304347826086,30.434782608695652,52.17391304347826,-1,-1,69.56521739130434,47.82608695652174,-1,91.30434782608695,69.56521739130434,53.6231884057971,-1,-1,-1,-1,-1,-1,-1,-1,-1,100.0,-1,-1,-1,-1,-1,-1,-1,-1,62.31884057971015,39.130434782608695,-1,81.15942028985508,57.971014492753625,-1,-1,-1,-1,-1,-1,-1,-1,-1,-1,-1,73.91304347826087,-1,-1,95.65217391304348,-1,-1,-1,-1,-1,-1,-1,-1,56.52173913043478,-1,-1,-1,-1,-1,-1,-1,-1,-1,-1,-1,-1,-1,-1,-1,-1,-1,-1,-1,-1,-1,-1,-1,-1,53.6231884057971,-1,-1,-1,-1,-1,-1,-1,-1,-1,-1,-1,-1,-1,-1,17.391304347826086,-1,-1,0.0,-1,-1,-1,-1,43.47826086956522,-1,-1,-1,-1,-1,-1,-1,-1,-1,-1,-1,-1,-1,-1,-1,-1,-1,-1,69.56521739130434,43.47826086956522,-1,-1,-1,-1,-1,-1,-1,-1,-1,-1
8.02030456852792,9.34010152284264,10.65989847715736,-1,-1,-1,2.6395939086294415,1.3197969543147208,13.299492385786802,14.619289340101522,15.939086294416244,-1,-1,-1,-1,-1,-1,-1,-1,0.0,-1,-1,-1,-1,-1,-1,-1,-1,-1,51.5736040609137,46.90355329949239,45.58375634517766,-1,61.6243654822335,62.233502538071065,-1,-1,-1,-1,-1,-1,86.49746192893402,-1,-1,-1,-1,-1,-1,-1,-1,-1,-1,-1,-1,-1,-1,-1,-1,-1,-1,-1,-1,100.0,-1,-1,-1,-1,-1,-1,-1,-1,-1,-1,-1,-1,-1,-1,-1,-1,-1,-1,-1,-1,-1,-1,-1,-1,-1,-1,-1,-1,-1,-1,-1,-1,-1,-1,-1,-1,-1,-1,-1,-1,-1,-1,-1,-1,-1,-1,-1,-1,-1,-1,-1,-1,-1,-1,-1,-1,-1,-1,-1,-1,-1,-1,-1,-1,-1,-1,-1,-1,-1,-1,-1,-1,-1,-1,-1,-1,-1,-1,-1,-1,-1,-1,-1,-1,-1,-1,-1,-1,-1,-1,-1,-1,-1,-1,-1,-1,-1
-1,-1,-1,-1,-1,-1,-1,-1,-1,-1,-1,-1,-1,-1,-1,-1,-1,-1,-1,-1,-1,0.0,-1,-1,-1,-1,-1,-1,-1,-1,-1,-1,-1,-1,-1,-1,-1,-1,-1,-1,-1,-1,-1,96.52567975830816,-1,-1,-1,-1,-1,-1,-1,-1,-1,-1,-1,-1,-1,-1,-1,-1,-1,-1,-1,-1,-1,-1,-1,-1,-1,-1,-1,85.1963746223565,-1,-1,-1,-1,-1,-1,-1,-1,-1,-1,85.04531722054381,87.16012084592145,-1,100.0,94.5619335347432,-1,-1,-1,-1,-1,-1,-1,82.77945619335347,-1,-1,-1,-1,-1,-1,-1,-1,-1,-1,-1,-1,-1,-1,-1,64.95468277945619,-1,-1,-1,-1,-1,-1,-1,-1,-1,-1,-1,-1,-1,-1,-1,-1,-1,14.04833836858006,16.31419939577039,11.63141993957704,-1,-1,-1,21.75226586102719,-1,11.933534743202417,16.46525679758308,-1,-1,-1,-1,-1,6.193353474320242,23.11178247734139,19.486404833836858,28.3987915407855,-1,-1,-1,-1,-1,-1,-1,54.38066465256797,-1,-1,-1,-1,-1
13.711583924349881,13.711583924349881,13.711583924349881,-1,-1,-1,-1,0.0,19.858156028368793,19.858156028368793,19.858156028368793,-1,27.06855791962175,27.06855791962175,27.06855791962175,-1,-1,-1,-1,16.78486997635934,-1,-1,35.9338061465721,-1,-1,-1,100.0,-1,-1,98.46335697399527,93.85342789598108,96.33569739952719,-1,-1,-1,-1,-1,-1,-1,-1,-1,-1,-1,-1,-1,-1,-1,-1,-1,-1,-1,-1,-1,-1,-1,-1,-1,-1,-1,-1,-1,-1,-1,-1,-1,-1,-1,-1,72.10401891252955,72.10401891252955,-1,72.10401891252955,-1,-1,-1,-1,-1,-1,-1,-1,-1,-1,-1,-1,-1,-1,-1,-1,-1,-1,-1,-1,78.72340425531915,78.72340425531915,-1,78.72340425531915,-1,-1,-1,-1,-1,-1,-1,-1,59.810874704491724,-1,-1,-1,-1,-1,-1,48.3451536643026,-1,-1,-1,-1,-1,-1,-1,-1,-1,-1,-1,-1,-1,-1,-1,-1,-1,-1,-1,-1,-1,-1,-1,-1,19.739952718676122,-1,-1,-1,-1,-1,-1,-1,-1,-1,-1,-1,-1,-1,-1,-1,-1,-1,-1,-1,-1,-1,-1,-1
10.387984981226532,-1,-1,-1,-1,-1,-1,6.88360450563204,-1,-1,-1,-1,-1,-1,-1,-1,-1,-1,-1,-1,-1,-1,-1,-1,96.87108886107634,100.0,-1,-1,-1,-1,-1,-1,-1,-1,-1,-1,-1,-1,-1,-1,-1,-1,-1,-1,-1,-1,-1,-1,-1,-1,-1,-1,-1,-1,-1,-1,-1,-1,-1,-1,-1,-1,-1,-1,-1,-1,-1,-1,-1,-1,-1,-1,-1,-1,-1,-1,-1,-1,-1,-1,-1,-1,-1,-1,-1,-1,-1,-1,-1,68.33541927409262,-1,87.35919899874844,-1,-1,-1,-1,-1,-1,-1,-1,-1,77.47183979974969,79.34918648310388,-1,38.42302878598248,40.30037546933667,53.69211514392991,-1,-1,-1,21.026282853566958,19.524405506883603,-1,31.53942428035044,30.037546933667084,25.657071339173967,-1,51.56445556946183,37.29662077596996,-1,-1,-1,47.4342928660826,-1,-1,25.782227784730914,-1,-1,-1,-1,-1,-1,-1,30.037546933667084,28.785982478097623,-1,6.382978723404255,-1,-1,0.0,-1,-1,-1,-1,-1,-1,-1,-1,-1,26.783479349186482,33.541927409261575,-1,30.413016270337923,34.16770963704631,37.922403003754695,-1,-1,-1,69.83729662077597,-1
-1,-1,-1,-1,-1,-1,-1,-1,-1,-1,-1,-1,-1,-1,-1,-1,-1,-1,-1,-1,-1,-1,-1,-1,-1,-1,-1,13.409961685823754,-1,-1,-1,-1,-1,-1,-1,-1,-1,-1,-1,69.15708812260536,-1,-1,-1,-1,-1,-1,-1,-1,-1,-1,-1,36.015325670498086,-1,-1,-1,-1,-1,-1,-1,-1,-1,-1,-1,-1,-1,-1,-1,100.0,-1,-1,-1,-1,-1,-1,-1,-1,-1,-1,-1,88.50574712643679,-1,-1,-1,-1,-1,-1,-1,-1,-1,-1,-1,42.72030651340996,-1,-1,-1,-1,-1,26.053639846743295,-1,-1,-1,-1,-1,-1,-1,-1,-1,-1,0.0,-1,-1,-1,-1,-1,-1,-1,-1,-1,-1,-1,86.7816091954023,89.65517241379311,-1,-1,-1,-1,-1,-1,-1,-1,-1,-1,-1,-1,-1,-1,-1,-1,-1,-1,-1,-1,-1,-1,-1,-1,-1,-1,-1,-1,-1,-1,-1,-1,-1,-1,25.095785440613028,29.693486590038315,-1,-1
-1,-1,-1,-1,6.98051948051948,8.279220779220779,-1,-1,31.25,-1,-1,-1,-1,-1,-1,-1,-1,-1,-1,-1,-1,-1,-1,-1,-1,-1,-1,-1,-1,-1,-1,-1,-1,84.17207792207792,67.53246753246754,-1,-1,-1,-1,-1,-1,-1,-1,-1,-1,-1,-1,-1,-1,-1,-1,-1,-1,25.243506493506494,28.733766233766232,31.16883116883117,-1,-1,-1,-1,74.35064935064935,100.0,-1,-1,-1,90.17857142857143,-1,-1,-1,-1,-1,-1,19.074675324675326,21.59090909090909,23.863636363636363,-1,-1,-1,44.48051948051948,-1,84.41558441558442,86.12012987012987,82.71103896103897,-1,-1,-1,-1,-1,-1,-1,-1,-1,-1,-1,-1,-1,-1,28.246753246753247,-1,-1,27.191558441558442,57.87337662337662,17.37012987012987,-1,15.016233766233766,52.67857142857143,-1,-1,7.954545454545454,51.70454545454545,-1,-1,15.340909090909092,55.925324675324674,-1,-1,55.60064935064935,56.81818181818182,-1,-1,61.4448051948052,27.02922077922078,-1,-1,45.37337662337662,-1,-1,-1,32.79220779220779,-1,-1,-1,26.704545454545453,-1,18.66883116883117,-1,6.0064935064935066,7.548701298701299,9.00974025974026,-1,0.0,-1,-1,-1,-1,-1,-1,-1,-1,-1,-1,-1,-1,-1,-1,-1,25.974025974025974,-1,-1,-1
-1,-1,-1,-1,-1,-1,-1,-1,-1,-1,-1,-1,-1,-1,-1,-1,-1,-1,-1,-1,-1,25.757575757575758,100.0,-1,-1,-1,-1,-1,-1,-1,-1,-1,-1,75.25252525252525,-1,-1,-1,-1,-1,-1,-1,-1,-1,-1,-1,0.0,-1,-1,-1,-1,-1,-1,-1,-1,-1,-1,-1,0.0,-1,-1,-1,-1,-1,-1,-1,-1,-1,-1,-1,-1,-1,-1,-1,-1,-1,-1,-1,-1,-1,-1,-1,-1,-1,-1,-1,-1,-1,-1,-1,-1,-1,-1,-1,-1,-1,-1,-1,-1,-1,-1,-1,-1,-1,-1,-1,-1,-1,-1,-1,-1,-1,-1,-1,-1,-1,-1,-1,-1,57.07070707070707,-1,-1,-1,-1,-1,-1,-1,-1,-1,-1,-1,-1,-1,-1,-1,57.07070707070707,-1,-1,-1,-1,-1,-1,-1,-1,-1,-1,-1,-1,-1,-1,-1,-1,-1,-1,-1,-1,-1,-1,-1,-1,-1
-1,-1,33.969849246231156,-1,13.366834170854272,12.361809045226131,28.14070351758794,-1,-1,-1,-1,-1,-1,-1,-1,-1,-1,-1,-1,-1,-1,-1,-1,-1,41.20603015075377,45.7286432160804,-1,-1,-1,57.58793969849246,29.64824120603015,29.64824120603015,-1,38.69346733668342,38.69346733668342,-1,-1,-1,-1,-1,-1,-1,-1,-1,-1,-1,87.03517587939699,92.1608040201005,-1,-1,-1,-1,-1,-1,-1,-1,-1,58.994974874371856,-1,-1,-1,-1,-1,100.0,-1,-1,-1,-1,62.914572864321606,66.73366834170854,63.11557788944724,54.472361809045225,-1,34.67336683417086,39.698492462311556,-1,-1,-1,-1,88.5427135678392,-1,-1,77.98994974874371,-1,-1,-1,-1,-1,73.96984924623115,86.53266331658291,-1,-1,-1,-1,-1,-1,-1,-1,-1,-1,-1,-1,-1,-1,-1,29.949748743718594,16.482412060301506,-1,-1,2.1105527638190953,4.623115577889447,-1,13.869346733668342,3.819095477386935,5.226130653266332,-1,-1,1.407035175879397,31.256281407035175,-1,-1,-1,-1,-1,1.6080402010050252,1.6080402010050252,1.5075376884422111,-1,-1,7.437185929648241,-1,-1,8.341708542713567,1.7085427135678393,0.0,-1,12.56281407035176,15.075376884422111,15.075376884422111,-1,-1,19.597989949748744,19.597989949748744,-1,-1,-1,-1,-1,-1,32.1608040201005,28.040201005025125,29.246231155778894,25.628140703517587,14.673366834170855,11.055276381909549,-1,20.804020100502512,13.266331658291458,21.306532663316585,-1
5.135135135135135,9.45945945945946,-1,17.56756756756757,15.35135135135135,11.45945945945946,-1,-1,-1,-1,-1,9.405405405405405,0.0,10.054054054054054,-1,2.4864864864864864,-1,-1,11.027027027027026,-1,-1,-1,-1,-1,-1,-1,-1,33.24324324324324,34.32432432432432,36.37837837837838,33.945945945945944,38.270270270270274,37.4054054054054,-1,36.972972972972975,34.054054054054056,-1,-1,-1,42.270270270270274,-1,-1,-1,-1,39.351351351351354,21.027027027027028,17.135135135135137,16.16216216216216,-1,42.7027027027027,42.0,47.83783783783784,-1,29.027027027027028,26.0,21.675675675675677,26.216216216216218,22.81081081081081,25.72972972972973,-1,100.0,90.8108108108108,86.48648648648648,47.351351351351354,30.864864864864863,-1,-1,29.945945945945947,-1,30.37837837837838,28.91891891891892,-1,39.45945945945946,-1,-1,28.54054054054054,-1,43.945945945945944,-1,-1,-1,-1,22.216216216216218,-1,-1,-1,-1,-1,-1,28.54054054054054,-1,26.486486486486488,-1,-1,23.135135135135137,-1,-1,-1,-1,-1,-1,-1,-1,-1,18.81081081081081,20.43243243243243,-1,17.89189189189189,-1,21.89189189189189,-1,-1,25.135135135135137,-1,23.35135135135135,-1,-1,-1,-1,-1,-1,-1,19.783783783783782,-1,-1,12.0,14.432432432432432,14.54054054054054,-1,-1,24.37837837837838,-1,-1,22.16216216216216,16.91891891891892,-1,11.243243243243244,11.297297297297296,19.243243243243242,-1,-1,-1,-1,3.4594594594594597,23.35135135135135,-1,-1,-1,-1,-1,11.945945945945946,-1,-1,-1,17.135135135135137,-1,-1,-1,-1,-1
27.131782945736433,14.728682170542635,20.930232558139537,-1,6.976744186046512,11.627906976744185,-1,-1,27.131782945736433,10.077519379844961,20.930232558139537,-1,-1,-1,-1,-1,6.976744186046512,11.627906976744185,-1,-1,-1,-1,-1,-1,-1,-1,-1,-1,86.04651162790698,37.98449612403101,44.18604651162791,100.0,13.178294573643411,41.08527131782946,55.03875968992248,-1,39.53488372093023,17.829457364341085,25.58139534883721,-1,8.527131782945736,14.728682170542635,-1,-1,-1,-1,-1,-1,61.24031007751938,34.883720930232556,39.53488372093023,-1,30.232558139534884,34.883720930232556,59.689922480620154,-1,-1,-1,-1,-1,-1,-1,-1,-1,-1,24.031007751937985,27.131782945736433,-1,22.48062015503876,27.131782945736433,-1,-1,-1,-1,-1,-1,-1,37.98449612403101,44.18604651162791,42.63565891472868,30.232558139534884,34.883720930232556,41.08527131782946,-1,-1,31.782945736434108,39.53488372093023,-1,28.68217054263566,31.782945736434108,44.18604651162791,-1,25.58139534883721,25.58139534883721,25.58139534883721,28.68217054263566,-1,-1,-1,-1,-1,-1,-1,-1,-1,-1,-1,-1,28.68217054263566,20.930232558139537,27.131782945736433,22.48062015503876,-1,31.782945736434108,27.131782945736433,28.68217054263566,36.434108527131784,31.782945736434108,27.131782945736433,-1,-1,-1,-1,-1,-1,-1,-1,-1,-1,-1,-1,31.782945736434108,-1,-1,33.333333333333336,-1,-1,-1,-1,-1,-1,2.7906976744186047,0.0,-1,-1,-1,-1,-1,-1,-1,-1,-1,-1,-1,-1,-1,-1,-1,-1,-1
5.287713841368585,7.465007776049767,23.79471228615863,21.46189735614308,-1,-1,0.0,5.909797822706065,10.57542768273717,-1,-1,-1,17.573872472783826,-1,-1,-1,-1,9.797822706065318,17.573872472783826,-1,-1,5.909797822706065,-1,-1,59.56454121306376,69.67340590979782,72.78382581648522,71.22861586314153,-1,46.3452566096423,-1,-1,84.44790046656298,76.67185069984448,60.73094867807154,55.443234836702956,93.77916018662519,79.78227060653188,96.8895800933126,100.0,-1,59.56454121306376,-1,-1,75.11664074650078,65.00777604976672,40.90202177293935,-1,49.766718506998444,52.56609642301711,87.55832037325038,54.121306376360806,47.900466562986004,48.211508553654745,48.67807153965786,49.4556765163297,51.788491446345255,48.67807153965786,47.900466562986004,63.45256609642302,87.55832037325038,98.4447900466563,87.55832037325038,73.56143079315707,57.23172628304821,54.121306376360806,75.89424572317263,48.67807153965786,40.1244167962675,26.905132192846033,26.905132192846033,-1,64.23017107309487,58.78693623639191,44.7900466562986,-1,65.78538102643857,-1,-1,62.67496111975117,53.6547433903577,-1,50.233281493001556,51.788491446345255,-1,-1,72.00622083981338,67.26283048211509,66.56298600311042,-1,65.00777604976672,58.78693623639191,-1,-1,41.679626749611195,-1,-1,46.81181959564541,58.009331259720064,-1,-1,67.34059097978228,33.59253499222395,-1,-1,21.30637636080871,27.060653188180403,27.371695178849144,-1,27.060653188180403,13.763608087091757,12.752721617418352,35.30326594090202,16.09642301710731,21.30637636080871,-1,22.08398133748056,27.060653188180403,47.27838258164852,46.96734059097978,-1,28.304821150855364,-1,-1,16.174183514774494,24.183514774494558,21.61741835147745,32.97045101088647,12.28615863141524,11.19751166407465,10.964230171073094,9.953343701399689,44.01244167962675,16.018662519440124,27.682737169517885,21.073094867807153,11.275272161741835,44.16796267496112,-1,15.241057542768274,23.250388802488335,23.250388802488335,19.828926905132192,9.175738724727838,-1,-1,17.962674961119752,-1,-1,13.141524105754277,-1,-1,17.02954898911353,27.527216174183515,23.63919129082426,13.608087091757387,68.58475894245723,61.11975116640747,38.64696734059098,35.69206842923795
25.983606557377048,23.0327868852459,25.81967213114754,30.081967213114755,-1,21.557377049180328,-1,-1,39.83606557377049,28.19672131147541,11.639344262295081,26.639344262295083,-1,27.704918032786885,33.60655737704918,17.868852459016395,33.114754098360656,21.9672131147541,-1,-1,-1,-1,26.9672131147541,-1,-1,-1,68.52459016393442,59.01639344262295,-1,39.01639344262295,-1,76.22950819672131,-1,-1,59.83606557377049,-1,-1,-1,82.37704918032787,72.45901639344262,-1,40.49180327868852,-1,-1,54.59016393442623,54.59016393442623,-1,50.16393442622951,56.721311475409834,71.06557377049181,69.59016393442623,57.950819672131146,-1,61.14754098360656,-1,53.9344262295082,-1,72.62295081967213,-1,-1,83.52459016393442,85.0,-1,79.91803278688525,-1,-1,100.0,77.78688524590164,-1,52.131147540983605,52.868852459016395,-1,61.22950819672131,63.442622950819676,61.721311475409834,37.950819672131146,-1,-1,-1,-1,-1,-1,-1,-1,-1,-1,-1,-1,-1,-1,-1,44.91803278688525,50.65573770491803,43.278688524590166,-1,-1,57.459016393442624,-1,-1,-1,-1,-1,-1,-1,41.31147540983606,36.885245901639344,43.442622950819676,41.22950819672131,35.0,34.91803278688525,33.85245901639344,30.901639344262296,43.442622950819676,43.442622950819676,48.85245901639344,-1,-1,64.50819672131148,-1,-1,-1,58.68852459016394,39.75409836065574,69.59016393442623,33.032786885245905,36.557377049180324,33.52459016393443,-1,30.081967213114755,25.65573770491803,20.57377049180328,19.262295081967213,37.049180327868854,33.114754098360656,25.737704918032787,37.459016393442624,-1,-1,13.524590163934427,22.049180327868854,-1,4.918032786885246,2.459016393442623,0.7377049180327869,23.0327868852459,-1,-1,0.0,-1,-1,0.08196721311475409,13.360655737704919,-1,-1,-1,-1,39.83606557377049,44.50819672131148,43.68852459016394,56.0655737704918
29.485935984481085,41.12512124151309,43.06498545101843,50.824442289039766,-1,29.485935984481085,23.666343355965083,26.576139670223085,25.606207565470417,24.63627546071775,24.63627546071775,28.51600387972842,14.936954413191076,16.876818622696412,35.30552861299709,22.696411251212414,24.63627546071775,19.786614936954415,9.117361784675072,9.117361784675072,24.63627546071775,19.786614936954415,18.816682832201746,-1,46.55674102812803,93.0164888457808,-1,53.15227934044617,-1,-1,-1,-1,82.73520853540252,94.76236663433559,77.59456838021339,52.1823472356935,-1,-1,100.0,91.75557710960233,-1,-1,74.87875848690592,61.105722599418044,64.50048496605238,74.78176527643065,-1,-1,71.48399612027158,75.07274490785645,76.91561590688652,60.42677012609117,78.37051406401552,61.59068865179437,56.062075654704174,-1,70.70805043646945,77.01260911736179,85.45101842870999,86.71193016488846,-1,99.1270611057226,-1,95.44131910766247,58.97187196896217,-1,91.36760426770127,77.01260911736179,-1,-1,54.510184287099904,61.299709020368574,98.15712900096993,89.91270611057226,-1,88.06983511154219,65.37342386032978,-1,87.77885548011639,73.32686711930165,58.2929194956353,60.0387972841901,56.062075654704174,59.06886517943744,-1,-1,-1,-1,-1,53.0552861299709,74.68477206595539,50.824442289039766,-1,40.05819592628516,54.704170708050434,20.077594568380214,65.76139670223084,64.11251212415131,33.462657613967025,-1,74.97575169738118,65.85838991270612,48.30261881668283,-1,31.328806983511154,36.08147429679922,30.84384093113482,47.429679922405434,-1,-1,58.77788554801164,37.73035887487876,52.1823472356935,43.1619786614937,41.51309408341416,31.522793404461687,-1,-1,44.6168768186227,-1,-1,38.02133850630456,41.22211445198836,52.473326867119304,22.987390882638216,22.50242483026188,26.479146459747817,42.87099903006789,-1,33.85063045586809,30.164888457807955,32.201745877788554,34.82056256062076,-1,52.08535402521824,-1,25.315227934044618,-1,-1,-1,-1,0.0,1.454898157129001,4.558680892337536,-1,-1,-1,-1,-1,16.488845780795344,-1,-1,-1,29.776915615906887,-1,-1,-1,63.82153249272551,-1,-1
-1,-1,-1,-1,-1,0.1182033096926714,-1,-1,-1,-1,-1,-1,-1,-1,-1,-1,-1,-1,-1,-1,-1,-1,-1,-1,-1,-1,-1,-1,100.0,93.73522458628841,-1,-1,-1,-1,52.24586288416076,-1,-1,-1,-1,-1,-1,-1,-1,-1,-1,96.33569739952719,96.21749408983452,79.07801418439716,33.333333333333336,37.234042553191486,81.32387706855792,83.21513002364067,20.44917257683215,22.81323877068558,52.95508274231678,58.392434988179666,73.87706855791963,38.4160756501182,27.541371158392433,7.328605200945627,81.56028368794327,-1,-1,-1,55.082742316784866,-1,-1,-1,-1,-1,42.5531914893617,-1,-1,39.952718676122934,39.952718676122934,61.22931442080378,-1,-1,-1,-1,-1,-1,90.42553191489361,-1,-1,80.02364066193853,-1,-1,-1,-1,-1,-1,-1,-1,72.34042553191489,-1,-1,-1,-1,-1,-1,73.1678486997636,68.67612293144208,-1,-1,49.1725768321513,-1,-1,47.04491725768322,51.773049645390074,51.6548463356974,51.773049645390074,-1,-1,-1,-1,-1,-1,-1,-1,-1,-1,-1,-1,-1,-1,-1,-1,-1,-1,-1,-1,-1,-1,-1,-1,-1,-1,-1,-1,-1,0.0,2.3640661938534278,-1,-1,-1,-1,-1,-1,-1,-1,-1,-1,-1,-1,-1,-1,-1,-1,-1
-1,-1,-1,-1,-1,-1,-1,-1,-1,-1,-1,-1,-1,-1,-1,-1,-1,-1,-1,-1,-1,-1,-1,-1,-1,-1,-1,-1,-1,-1,-1,-1,-1,-1,-1,-1,-1,-1,-1,-1,-1,-1,-1,-1,-1,-1,-1,-1,-1,-1,-1,-1,-1,-1,-1,-1,-1,-1,-1,-1,-1,-1,-1,-1,-1,-1,-1,-1,-1,-1,-1,-1,-1,-1,-1,-1,-1,-1,-1,-1,-1,-1,-1,-1,-1,-1,-1,-1,-1,-1,-1,-1,-1,-1,-1,-1,-1,-1,-1,-1,-1,-1,-1,-1,-1,-1,-1,-1,-1,-1,-1,-1,-1,-1,-1,-1,-1,-1,-1,-1,-1,-1,-1,-1,-1,-1,-1,-1,-1,-1,-1,-1,-1,-1,-1,-1,-1,-1,-1,-1,-1,-1,-1,-1,-1,-1,-1,-1,-1,-1,-1,-1,-1,-1,-1,-1,-1,-1,-1,-1
2.669717772692601,3.2799389778794814,4.118993135011442,5.415713196033562,-1,4.6529366895499615,3.1273836765827614,0.30511060259344014,-1,12.662090007627764,14.492753623188406,17.696414950419527,3.9664378337147217,0.0,6.941266209000763,4.6529366895499615,-1,-1,17.54385964912281,-1,-1,17.848970251716246,2.745995423340961,8.161708619374524,-1,-1,-1,-1,37.986270022883296,47.67353165522502,51.63996948893974,76.20137299771167,-1,70.48054919908466,-1,-1,-1,67.12433257055683,70.78565980167811,76.7353165522502,-1,35.01144164759725,35.163996948893974,-1,-1,42.028985507246375,38.3676582761251,-1,-1,-1,59.115179252479024,65.06483600305111,-1,-1,-1,-1,66.20900076277651,-1,52.17391304347826,66.43783371472159,100.0,-1,-1,-1,48.74141876430206,62.09000762776507,68.49733028222731,-1,57.055682684973306,60.94584286803966,47.97864225781846,46.7581998474447,-1,-1,-1,-1,-1,-1,-1,-1,69.41266209000763,-1,-1,71.85354691075514,-1,-1,-1,-1,77.8794813119756,-1,-1,-1,-1,-1,-1,-1,-1,-1,-1,-1,-1,-1,-1,-1,41.26620900076278,-1,73.83676582761251,46.3768115942029,38.13882532418002,34.40122044241038,36.231884057971016,38.215102974828376,-1,-1,-1,-1,-1,-1,-1,-1,-1,-1,-1,-1,-1,34.09610983981693,37.22349351639969,44.62242562929062,42.486651411136535,32.57055682684973,36.231884057971016,45.995423340961096,47.67353165522502,42.10526315789474,29.977116704805493,-1,-1,-1,-1,-1,31.655225019069412,28.299008390541573,-1,-1,-1,-1,-1,-1,-1,-1,-1,-1,-1,-1,-1,-1,-1,-1,-1,-1
71.42857142857143,85.71428571428571,100.0,-1,-1,-1,85.71428571428571,28.571428571428573,57.142857142857146,28.571428571428573,50.0,92.85714285714286,-1,-1,-1,-1,-1,-1,-1,-1,-1,-1,-1,-1,-1,-1,-1,-1,-1,-1,-1,-1,-1,-1,-1,-1,-1,-1,-1,-1,-1,85.71428571428571,64.28571428571429,-1,-1,85.71428571428571,-1,-1,-1,-1,-1,-1,-1,-1,78.57142857142857,-1,-1,-1,-1,-1,-1,-1,-1,-1,-1,-1,-1,-1,-1,85.71428571428571,35.714285714285715,-1,-1,35.714285714285715,-1,-1,-1,-1,-1,85.71428571428571,-1,85.71428571428571,57.142857142857146,-1,-1,-1,71.42857142857143,-1,-1,-1,-1,-1,-1,42.857142857142854,14.285714285714286,-1,-1,28.571428571428573,-1,-1,-1,35.714285714285715,50.0,-1,-1,-1,-1,-1,-1,50.0,14.285714285714286,-1,-1,35.714285714285715,-1,-1,-1,-1,-1,-1,-1,78.57142857142857,78.57142857142857,-1,-1,-1,-1,-1,28.571428571428573,28.571428571428573,28.571428571428573,-1,-1,78.57142857142857,-1,-1,-1,-1,-1,-1,-1,-1,-1,-1,-1,-1,-1,-1,-1,35.714285714285715,0.0,-1,-1,0.0,-1,-1,-1,-1,-1,-1
1.328502415458937,5.314009661835748,-1,-1,-1,-1,-1,-1,1.328502415458937,5.314009661835748,-1,-1,-1,5.314009661835748,-1,-1,0.0,2.657004830917874,-1,-1,-1,-1,-1,-1,52.17391304347826,52.65700483091788,56.76328502415459,62.07729468599034,-1,-1,52.17391304347826,47.34299516908212,56.03864734299517,50.0,52.65700483091788,72.46376811594203,56.52173913043478,56.52173913043478,63.768115942028984,61.35265700483092,44.44444444444444,44.44444444444444,44.44444444444444,47.34299516908212,-1,-1,-1,-1,-1,-1,-1,-1,-1,78.26086956521739,48.309178743961354,57.2463768115942,53.6231884057971,37.19806763285024,63.768115942028984,100.0,-1,-1,53.14009661835749,53.6231884057971,-1,37.19806763285024,39.61352657004831,42.028985507246375,34.78260869565217,37.19806763285024,39.61352657004831,-1,32.367149758454104,32.367149758454104,39.61352657004831,35.990338164251206,49.033816425120776,67.3913043478261,48.309178743961354,53.6231884057971,-1,-1,48.309178743961354,-1,57.2463768115942,50.48309178743961,53.14009661835749,53.6231884057971,47.34299516908212,42.99516908212561,39.61352657004831,42.028985507246375,34.78260869565217,37.19806763285024,39.61352657004831,44.44444444444444,42.028985507246375,39.61352657004831,37.19806763285024,34.78260869565217,44.44444444444444,44.44444444444444,48.067632850241544,56.03864734299517,47.34299516908212,44.44444444444444,53.14009661835749,42.028985507246375,44.44444444444444,44.44444444444444,39.61352657004831,49.27536231884058,56.03864734299517,44.44444444444444,55.55555555555556,-1,44.44444444444444,53.14009661835749,50.24154589371981,-1,-1,-1,-1,56.03864734299517,-1,-1,53.14009661835749,56.03864734299517,-1,-1,53.14009661835749,-1,44.44444444444444,44.44444444444444,46.85990338164251,49.75845410628019,-1,-1,-1,-1,42.028985507246375,32.367149758454104,32.367149758454104,32.367149758454104,30.314009661835748,31.714975845410628,29.879227053140095,30.314009661835748,32.367149758454104,32.367149758454104,32.367149758454104,34.78260869565217,32.367149758454104,39.61352657004831,37.19806763285024,38.888888888888886,46.85990338164251,48.309178743961354,42.99516908212561,-1
-1,-1,34.9457058242843,-1,-1,30.50345508390918,-1,25.666337611056267,-1,-1,-1,-1,-1,-1,-1,-1,-1,-1,-1,-1,-1,-1,-1,-1,-1,-1,-1,-1,-1,-1,-1,-1,-1,64.06712734452123,-1,-1,-1,-1,-1,-1,-1,-1,-1,-1,-1,-1,-1,-1,-1,-1,-1,-1,-1,-1,69.00296150049358,69.20039486673248,-1,41.855873642645605,-1,-1,-1,-1,-1,-1,-1,-1,-1,-1,-1,-1,-1,-1,-1,-1,-1,-1,98.51924975320829,-1,-1,-1,-1,-1,-1,-1,-1,-1,100.0,-1,-1,76.90029615004936,84.69891411648568,-1,-1,-1,-1,-1,-1,62.685093780848966,66.04146100691017,61.5004935834156,-1,-1,-1,-1,-1,-1,-1,-1,-1,-1,-1,-1,45.50839091806515,-1,31.490621915103652,-1,52.418558736426455,53.40572556762093,-1,-1,-1,-1,-1,-1,-1,-1,-1,-1,-1,-1,-1,-1,-1,-1,-1,-1,-1,-1,-1,-1,-1,-1,0.0,-1,-1,-1,-1,-1,-1,-1,-1,-1,-1,44.22507403751234,31.391905231984204,27.838104639684108,-1,-1,57.65054294175716,46.59427443237907
54.44250871080139,47.822299651567945,46.254355400696866,-1,-1,-1,-1,-1,44.163763066202094,38.2404181184669,40.59233449477352,-1,30.05226480836237,30.749128919860627,33.53658536585366,27.264808362369337,26.56794425087108,-1,-1,-1,-1,-1,-1,-1,53.048780487804876,47.47386759581882,53.048780487804876,54.44250871080139,-1,-1,54.44250871080139,48.86759581881533,-1,66.98606271777004,60.01742160278746,-1,64.89547038327527,-1,-1,-1,-1,-1,-1,-1,-1,-1,-1,-1,95.73170731707317,-1,-1,-1,-1,-1,-1,-1,-1,-1,-1,-1,-1,84.40766550522648,82.3170731707317,94.25087108013938,75.0,-1,84.40766550522648,80.05226480836237,-1,-1,-1,-1,-1,-1,-1,-1,-1,65.06968641114983,69.68641114982579,70.29616724738676,57.8397212543554,49.390243902439025,59.84320557491289,-1,-1,59.84320557491289,-1,-1,55.92334494773519,46.77700348432056,58.53658536585366,63.41463414634146,-1,-1,-1,-1,-1,-1,-1,-1,63.066202090592334,65.06968641114983,72.29965156794425,70.29616724738676,52.00348432055749,-1,49.390243902439025,53.31010452961672,-1,-1,-1,-1,-1,-1,-1,-1,-1,-1,-1,-1,45.55749128919861,44.163763066202094,53.397212543554005,57.40418118466899,43.1184668989547,32.75261324041812,45.47038327526133,-1,25.958188153310104,43.37979094076655,-1,-1,-1,-1,-1,-1,-1,-1,-1,-1,-1,-1,-1,-1,-1,-1,-1,-1,0.0,-1,5.2264808362369335,-1,-1,47.386759581881535,51.045296167247386,-1,39.02439024390244,19.425087108013937,77.70034843205575,100.0
18.195956454121305,23.32814930015552,28.149300155520994,29.860031104199066,16.018662519440124,8.087091757387247,12.597200622083982,8.398133748055988,-1,-1,-1,12.597200622083982,1.244167962674961,18.195956454121305,18.195956454121305,26.594090202177295,7.698289269051322,8.398133748055988,11.19751166407465,9.797822706065318,20.684292379471227,16.71850699844479,-1,17.107309486780714,-1,-1,-1,76.67185069984448,47.12286158631415,-1,47.12286158631415,-1,76.67185069984448,-1,45.56765163297045,39.346811819595644,-1,-1,-1,100.0,68.89580093312597,68.89580093312597,67.34059097978228,59.56454121306376,70.45101088646967,-1,50.233281493001556,59.56454121306376,-1,-1,-1,48.67807153965786,-1,58.78693623639191,47.12286158631415,40.90202177293935,68.89580093312597,64.23017107309487,50.233281493001556,-1,-1,78.22706065318818,67.34059097978228,70.45101088646967,59.56454121306376,-1,59.56454121306376,54.89891135303266,-1,-1,-1,53.34370139968896,-1,67.34059097978228,65.78538102643857,70.45101088646967,-1,-1,-1,-1,-1,-1,-1,85.22550544323484,-1,-1,58.009331259720064,67.34059097978228,75.11664074650078,65.78538102643857,76.67185069984448,-1,-1,65.78538102643857,58.009331259720064,-1,78.22706065318818,67.34059097978228,68.89580093312597,72.00622083981338,-1,63.45256609642302,63.45256609642302,61.897356143079314,44.01244167962675,45.56765163297045,44.01244167962675,64.23017107309487,-1,-1,-1,-1,50.5443234836703,54.27682737169518,44.94556765163297,61.11975116640747,71.22861586314153,56.92068429237947,67.34059097978228,-1,46.3452566096423,30.793157076205286,43.2348367029549,44.7900466562986,16.018662519440124,23.79471228615863,28.460342146189735,30.015552099533437,30.015552099533437,19.12908242612753,20.684292379471227,12.908242612752721,-1,37.791601866251945,26.905132192846033,39.346811819595644,20.684292379471227,37.791601866251945,36.236391912908246,6.531881804043546,13.685847589424572,-1,-1,5.598755832037325,0.0,6.065318818040436,6.065318818040436,37.791601866251945,9.64230171073095,23.79471228615863,13.996889580093313,0.0,-1,65.78538102643857,37.791601866251945,26.127527216174183,74.65007776049767,68.11819595645412,60.80870917573873,-1
-1,-1,-1,-1,-1,-1,-1,-1,0.36764705882352944,0.0,-1,-1,13.602941176470589,13.602941176470589,-1,-1,-1,-1,-1,-1,-1,-1,-1,-1,-1,41.1764705882353,-1,-1,-1,-1,-1,-1,-1,-1,-1,-1,-1,-1,-1,-1,-1,-1,-1,-1,-1,-1,-1,-1,-1,-1,-1,-1,-1,-1,-1,-1,-1,-1,-1,-1,-1,-1,-1,-1,41.1764705882353,19.11764705882353,43.01470588235294,-1,-1,-1,-1,-1,-1,-1,-1,-1,100.0,96.32352941176471,-1,-1,-1,-1,-1,-1,-1,-1,-1,-1,-1,-1,-1,-1,-1,-1,-1,-1,-1,-1,-1,-1,-1,-1,-1,-1,-1,-1,-1,-1,-1,-1,-1,-1,-1,-1,-1,-1,-1,-1,-1,-1,-1,41.1764705882353,41.1764705882353,-1,-1,-1,-1,-1,-1,-1,-1,-1,-1,-1,-1,-1,-1,-1,-1,-1,-1,-1,-1,-1,-1,-1,-1,-1,-1,-1,-1,-1,-1,-1,-1,-1,-1,-1,-1,-1
-1,-1,-1,-1,-1,-1,-1,-1,-1,-1,-1,-1,-1,-1,-1,-1,-1,-1,-1,-1,-1,-1,26.99228791773779,-1,-1,-1,-1,-1,-1,100.0,-1,-1,-1,100.0,74.293059125964,-1,-1,-1,-1,-1,-1,-1,-1,-1,-1,-1,-1,-1,-1,-1,-1,-1,-1,-1,-1,-1,-1,-1,-1,-1,-1,-1,-1,-1,-1,-1,-1,-1,-1,-1,-1,-1,-1,-1,-1,-1,-1,-1,-1,-1,-1,-1,61.18251928020565,-1,56.29820051413882,-1,-1,-1,31.876606683804628,27.249357326478147,40.3598971722365,36.246786632390744,0.0,-1,-1,-1,-1,-1,-1,-1,-1,-1,-1,-1,-1,56.29820051413882,-1,-1,-1,56.29820051413882,56.29820051413882,-1,-1,46.01542416452442,56.29820051413882,-1,-1,46.01542416452442,-1,-1,-1,-1,-1,-1,-1,-1,-1,-1,-1,-1,-1,-1,-1,-1,-1,-1,-1,-1,-1,-1,-1,-1,-1,-1,-1,-1,-1,-1,-1,-1,-1,-1,-1,-1,-1,-1,-1,-1,-1,-1
26.358695652173914,22.214673913043477,27.17391304347826,26.154891304347824,-1,19.157608695652176,-1,-1,32.20108695652174,15.081521739130435,17.730978260869566,31.25,5.434782608695652,6.046195652173913,6.046195652173913,27.51358695652174,-1,4.3478260869565215,21.942934782608695,-1,-1,5.502717391304348,7.269021739130435,-1,-1,-1,51.358695652173914,49.59239130434783,31.72554347826087,33.49184782608695,40.35326086956522,48.369565217391305,-1,52.64945652173913,41.57608695652174,-1,61.48097826086956,61.48097826086956,71.26358695652173,-1,-1,-1,-1,-1,-1,58.42391304347826,29.07608695652174,-1,52.98913043478261,99.66032608695652,65.4211956521739,67.86684782608695,-1,100.0,-1,-1,-1,-1,-1,47.35054347826087,56.79347826086956,-1,-1,60.66576086956522,42.1875,48.369565217391305,58.15217391304348,47.75815217391305,-1,48.98097826086956,46.53532608695652,-1,47.75815217391305,46.53532608695652,44.70108695652174,42.1875,-1,-1,-1,48.369565217391305,-1,-1,44.70108695652174,39.74184782608695,-1,-1,-1,-1,-1,-1,-1,-1,-1,-1,-1,-1,-1,-1,-1,-1,-1,46.46739130434783,-1,-1,20.92391304347826,23.980978260869566,26.42663043478261,28.26086956521739,-1,29.279891304347824,29.279891304347824,17.866847826086957,-1,28.668478260869566,25.067934782608695,-1,36.41304347826087,28.464673913043477,-1,-1,-1,-1,-1,-1,18.953804347826086,19.633152173913043,22.82608695652174,20.78804347826087,-1,-1,21.331521739130434,-1,-1,-1,19.565217391304348,19.565217391304348,-1,23.845108695652176,-1,-1,0.0,-1,-1,-1,-1,-1,-1,-1,-1,-1,-1,-1,-1,-1,-1,-1,27.241847826086957,27.309782608695652,-1,22.35054347826087
-1,28.174603174603174,31.944444444444443,-1,13.78968253968254,15.575396825396826,-1,-1,-1,-1,31.944444444444443,-1,14.087301587301587,12.202380952380953,15.972222222222221,-1,-1,10.317460317460318,8.432539682539682,-1,16.071428571428573,8.432539682539682,-1,-1,82.53968253968254,62.00396825396825,53.07539682539682,-1,-1,-1,-1,-1,96.13095238095238,-1,-1,-1,-1,65.57539682539682,75.39682539682539,97.12301587301587,56.54761904761905,59.32539682539682,81.64682539682539,84.32539682539682,75.39682539682539,64.38492063492063,69.14682539682539,53.07539682539682,-1,-1,-1,-1,64.98015873015873,-1,-1,-1,84.72222222222223,-1,82.14285714285714,70.83333333333333,97.02380952380952,100.0,-1,-1,70.63492063492063,68.75,89.88095238095238,-1,43.25396825396825,48.214285714285715,-1,-1,-1,-1,65.87301587301587,68.25396825396825,80.6547619047619,64.98015873015873,79.06746031746032,-1,46.13095238095238,41.36904761904762,-1,35.81349206349206,-1,-1,-1,-1,-1,-1,-1,-1,43.551587301587304,53.47222222222222,49.50396825396825,51.88492063492063,-1,47.51984126984127,-1,-1,51.28968253968254,44.1468253968254,49.50396825396825,46.82539682539682,38.78968253968254,33.432539682539684,49.50396825396825,48.611111111111114,38.78968253968254,32.73809523809524,-1,-1,49.50396825396825,44.1468253968254,34.32539682539682,37.00396825396825,57.53968253968254,48.611111111111114,49.50396825396825,-1,-1,49.50396825396825,45.03968253968254,50.3968253968254,34.32539682539682,28.96825396825397,34.32539682539682,55.75396825396825,-1,21.23015873015873,17.36111111111111,21.626984126984127,31.646825396825395,21.825396825396826,20.932539682539684,30.753968253968253,-1,47.12301587301587,58.432539682539684,-1,-1,0.0,-1,-1,-1,-1,-1,-1,-1,-1,-1,-1,-1,-1,-1,-1,-1,48.611111111111114,43.25396825396825,-1
29.545454545454547,37.878787878787875,47.72727272727273,46.21212121212121,-1,-1,33.333333333333336,-1,-1,28.03030303030303,53.03030303030303,53.78787878787879,23.484848484848484,31.060606060606062,61.36363636363637,-1,-1,-1,14.393939393939394,15.909090909090908,-1,16.515151515151516,20.606060606060606,35.60606060606061,57.57575757575758,60.60606060606061,-1,66.66666666666667,53.03030303030303,-1,-1,-1,-1,-1,-1,-1,81.06060606060606,-1,-1,-1,81.06060606060606,-1,-1,-1,-1,55.303030303030305,63.03030303030303,-1,88.63636363636364,65.9090909090909,62.878787878787875,71.21212121212122,49.24242424242424,53.71212121212121,-1,-1,-1,-1,-1,-1,100.0,-1,-1,73.48484848484848,81.06060606060606,76.51515151515152,79.54545454545455,-1,50.75757575757576,73.48484848484848,-1,-1,-1,-1,43.18181818181818,-1,44.696969696969695,50.75757575757576,76.51515151515152,47.72727272727273,71.96969696969697,73.48484848484848,44.696969696969695,41.666666666666664,63.63636363636363,-1,46.21212121212121,43.18181818181818,-1,44.696969696969695,35.60606060606061,50.0,-1,35.60606060606061,31.060606060606062,-1,40.15151515151515,-1,-1,-1,-1,-1,-1,-1,-1,-1,-1,-1,29.545454545454547,73.48484848484848,28.03030303030303,-1,-1,-1,24.242424242424242,24.242424242424242,40.90909090909091,34.09090909090909,-1,-1,-1,-1,37.121212121212125,47.72727272727273,23.484848484848484,21.96969696969697,25.0,-1,43.93939393939394,20.454545454545453,13.636363636363637,16.666666666666668,-1,28.03030303030303,28.78787878787879,-1,32.57575757575758,37.878787878787875,36.36363636363637,37.878787878787875,1.5151515151515151,0.0,2.272727272727273,8.333333333333334,-1,-1,22.12121212121212,-1,-1,18.939393939393938,21.21212121212121,-1,39.39393939393939,32.57575757575758,30.303030303030305,25.757575757575758,-1,41.666666666666664,39.39393939393939,-1
34.40040650406504,28.201219512195124,-1,-1,19.410569105691057,15.142276422764228,12.245934959349594,8.790650406504065,-1,28.201219512195124,35.36585365853659,-1,60.8739837398374,-1,18.089430894308943,39.02439024390244,39.53252032520325,-1,3.3536585365853657,39.48170731707317,-1,0.0,-1,-1,-1,-1,-1,-1,-1,-1,-1,-1,-1,24.796747967479675,-1,-1,-1,-1,-1,-1,-1,-1,-1,-1,-1,-1,-1,-1,57.31707317073171,-1,88.82113821138212,100.0,55.28455284552845,43.08943089430894,35.0609756097561,35.51829268292683,57.31707317073171,73.57723577235772,32.8760162601626,-1,-1,-1,-1,-1,44.3089430894309,48.170731707317074,50.050813008130085,45.88414634146341,-1,28.91260162601626,19.96951219512195,26.21951219512195,49.1869918699187,16.209349593495936,28.91260162601626,34.857723577235774,-1,28.91260162601626,49.89837398373984,29.115853658536587,31.148373983739837,30.4369918699187,23.119918699186993,30.640243902439025,49.69512195121951,51.57520325203252,49.69512195121951,-1,62.75406504065041,51.57520325203252,-1,46.798780487804876,-1,44.613821138211385,-1,-1,54.36991869918699,-1,-1,-1,-1,-1,28.760162601626018,-1,22.25609756097561,22.306910569105693,-1,24.034552845528456,-1,-1,19.461382113821138,-1,-1,19.715447154471544,-1,-1,-1,19.715447154471544,21.49390243902439,-1,-1,-1,45.63008130081301,45.63008130081301,-1,38.00813008130081,38.00813008130081,19.5630081300813,-1,-1,18.546747967479675,24.491869918699187,-1,-1,-1,-1,19.20731707317073,-1,-1,20.426829268292682,-1,1.8800813008130082,15.040650406504065,4.573170731707317,41.107723577235774,-1,-1,37.09349593495935,43.140243902439025,-1,18.546747967479675,-1,-1,37.449186991869915,31.554878048780488,-1,26.067073170731707,20.274390243902438,22.510162601626018,46.44308943089431
9.140767824497258,-1,17.73308957952468,38.482632541133455,13.893967093235831,12.248628884826326,9.963436928702011,7.404021937842779,6.581352833638026,12.06581352833638,7.1297989031078615,16.179159049360145,3.7477148080438756,3.7477148080438756,5.393053016453382,7.1297989031078615,-1,-1,-1,-1,-1,5.393053016453382,0.0,0.8226691042047533,100.0,-1,-1,-1,52.74223034734918,67.91590493601463,-1,-1,-1,-1,-1,-1,-1,-1,-1,76.691042047532,-1,63.98537477148081,-1,-1,62.3400365630713,64.07678244972578,-1,-1,60.60329067641682,77.51371115173674,68.92138939670933,-1,-1,-1,-1,-1,-1,42.87020109689214,-1,-1,-1,-1,84.73491773308957,90.58500914076782,50.822669104204756,45.52102376599635,50.63985374771481,52.46800731261426,-1,-1,-1,-1,-1,-1,-1,-1,-1,-1,-1,72.57769652650822,-1,-1,-1,-1,-1,-1,-1,-1,-1,-1,-1,-1,-1,-1,-1,-1,-1,-1,-1,-1,-1,-1,45.88665447897623,40.58500914076782,-1,-1,-1,-1,-1,-1,-1,-1,19.378427787934186,21.572212065813527,21.846435100548447,23.40036563071298,-1,-1,-1,-1,-1,-1,-1,-1,22.30347349177331,25.137111517367458,26.416819012797074,-1,-1,20.93235831809872,-1,12.340036563071298,-1,-1,-1,-1,-1,-1,-1,-1,-1,-1,-1,-1,-1,-1,-1,-1,-1,-1,-1,-1,-1,-1,-1,-1,17.458866544789764,17.458866544789764,17.458866544789764,20.20109689213894
13.1852879944483,15.267175572519085,17.349063150589867,58.01526717557252,-1,17.349063150589867,44.066620402498266,14.781401804302568,21.790423317140874,21.790423317140874,21.09646079111728,34.35114503816794,12.491325468424705,19.43095072866065,22.414989590562108,26.3705759888966,-1,-1,22.761970853573906,-1,-1,-1,-1,-1,81.81818181818181,78.48716169326856,89.03539208882721,-1,54.12907702984039,49.27133934767522,44.413601665510065,34.073560027758504,56.90492713393477,52.047189451769604,38.44552394170715,-1,-1,-1,-1,-1,61.55447605829285,46.56488549618321,37.820957668285914,38.44552394170715,58.431644691186676,37.820957668285914,39.07009021512838,54.05968077723803,-1,-1,100.0,-1,-1,54.823039555863986,37.473976405274115,28.452463566967385,58.29285218598196,52.7411519777932,34.698126301179734,68.70229007633588,86.74531575294934,91.6030534351145,-1,-1,42.33171408743928,30.53435114503817,37.473976405274115,37.473976405274115,-1,-1,54.12907702984039,-1,61.76266481609993,68.70229007633588,72.17210270645386,86.74531575294934,51.35322692574601,63.84455239417071,74.25399028452463,53.43511450381679,-1,-1,49.54892435808466,52.047189451769604,74.25399028452463,64.53851492019432,73.56002775850104,-1,45.80152671755725,43.71963913948647,45.80152671755725,48.57737682165163,40.943789035392086,52.7411519777932,47.883414295628036,35.39208882720333,47.18945176960444,48.57737682165163,36.08605135322693,40.249826509368496,-1,-1,46.49548924358085,-1,27.064538514920194,29.840388619014572,33.31020124913255,-1,-1,28.452463566967385,30.53435114503817,24.98265093684941,42.33171408743928,27.758501040943788,29.840388619014572,31.158917418459403,49.27133934767522,48.57737682165163,-1,-1,34.004163775156144,45.107564191533655,47.883414295628036,-1,17.973629424011104,31.228313671061763,26.3705759888966,22.206800832755032,-1,-1,23.039555863983345,20.81887578070784,-1,-1,-1,-1,-1,-1,-1,-1,0.0,0.0,19.153365718251216,21.512838306731435,23.108952116585705,27.064538514920194,29.00763358778626,-1,33.03261623872311,-1,30.39555863983345,21.374045801526716,-1,-1,34.90631505898681,-1,56.07217210270645,45.315752949340734,58.08466342817488,65.16308119361554
-1,-1,-1,-1,44.103547459252155,38.92617449664429,37.20038350910834,27.22914669223394,-1,29.721955896452542,31.639501438159158,-1,-1,29.43432406519655,43.14477468839885,-1,-1,-1,-1,0.0,-1,24.928092042186,20.13422818791946,21.188878235858102,-1,78.61936720997123,-1,-1,-1,88.68648130393098,-1,-1,98.7535953978907,-1,-1,-1,-1,-1,-1,-1,82.35858101629914,86.0019175455417,78.23585810162992,-1,-1,77.94822627037392,79.86577181208054,92.32981783317354,89.45349952061362,92.32981783317354,95.20613614573347,-1,63.5666347075743,66.44295302013423,62.607861936720994,75.07190795781399,100.0,97.12368168744008,90.41227229146692,-1,-1,-1,-1,-1,-1,84.08437200383509,95.11025886864813,-1,96.06903163950143,97.2195589645254,100.0,-1,-1,-1,-1,-1,-1,-1,-1,-1,-1,-1,-1,-1,-1,-1,-1,-1,-1,67.40172579098754,80.82454458293384,-1,-1,62.607861936720994,57.81399808245446,-1,71.23681687440077,63.5666347075743,-1,-1,-1,52.6366251198466,55.22531160115053,-1,43.14477468839885,45.73346116970278,62.99137104506232,63.854266538830295,-1,53.97890699904123,-1,-1,54.36241610738255,44.00767018216683,43.14477468839885,40.556088207094916,49.18504314477469,48.32214765100671,45.73346116970278,-1,50.04793863854267,42.281879194630875,44.870565675934806,47.45925215723874,35.378715244487054,37.967401725790985,60.786193672099714,-1,56.85522531160115,51.29434324065196,36.4333652924257,36.4333652924257,47.45925215723874,42.281879194630875,41.418983700862896,37.967401725790985,32.214765100671144,44.00767018216683,49.18504314477469,-1,-1,15.340364333652925,25.023969319271334,16.01150527325024,-1,-1,33.6529242569511,-1,35.378715244487054,-1,-1,47.45925215723874,-1,41.99424736337488,40.65196548418025,21.764141898370088,-1,56.375838926174495,52.444870565675934,48.418024928092045
-1,25.326170376055256,25.326170376055256,-1,-1,26.093630084420568,26.093630084420568,21.949347659247888,-1,-1,34.91941673062164,-1,-1,-1,-1,11.742133537989256,-1,-1,7.904834996162702,-1,-1,13.737528779739064,-1,-1,43.438219493476595,-1,-1,40.521872601688415,-1,23.330775134305448,30.391404451266308,-1,-1,64.6968534151957,47.04528012279356,55.48733691481197,78.5111281657713,-1,100.0,-1,-1,-1,-1,-1,-1,57.25249424405219,58.63392171910974,-1,-1,67.1527244819647,63.85264773599386,-1,-1,-1,-1,64.6968534151957,-1,-1,-1,-1,93.01611665387567,91.25095932463546,94.93476592478895,82.42517267843438,-1,53.338449731389105,56.48503453568688,56.254796623177285,51.65003837298542,56.254796623177285,-1,-1,48.8871834228703,42.287029930928625,36.607828089025325,35.149654643131235,67.38296239447429,68.84113584036838,62.31772831926324,64.6968534151957,-1,-1,-1,-1,78.2808902532617,62.54796623177283,69.83883346124328,69.1481197237145,57.48273215656178,61.16653875671527,61.16653875671527,74.2900997697621,-1,-1,-1,-1,54.02916346891788,40.36838066001535,37.60552570990023,43.36147352264006,-1,34.84267075978511,37.06830391404451,-1,22.870299309286263,23.56101304681504,25.786646201074443,27.935533384497315,38.5264773599386,33.23100537221796,25.47966231772832,17.0376055257099,34.38219493476593,32.00306983883346,23.56101304681504,22.10283960092095,-1,29.393706830391405,-1,-1,-1,33.92171910974674,-1,-1,-1,28.3960092095165,-1,16.34689178818112,25.01918649270913,26.40061396776669,6.216423637759018,17.958557175748272,24.251726784343823,23.40752110514198,23.40752110514198,11.3584036838066,11.97237145049885,8.979278587874136,23.791250959324636,29.24021488871834,-1,4.834996162701458,5.141980046047583,0.0,22.333077513430545,-1,18.265541059094396,17.574827321565618,-1,14.658480429777436,10.974673829623944,20.184190330007674,-1,18.41903300076746,8.672294704528012,10.744435917114352,-1,43.054489639293934,34.30544896392939,35.61013046815042
-1,-1,-1,-1,-1,-1,-1,-1,-1,-1,-1,-1,-1,-1,-1,-1,-1,-1,-1,-1,-1,-1,-1,-1,-1,-1,-1,-1,-1,-1,-1,-1,-1,-1,-1,-1,-1,-1,-1,-1,-1,-1,-1,-1,-1,-1,-1,-1,-1,-1,-1,-1,-1,-1,-1,-1,-1,-1,-1,-1,-1,-1,-1,-1,-1,-1,-1,-1,-1,-1,-1,-1,-1,-1,-1,-1,-1,-1,-1,-1,-1,-1,-1,-1,-1,-1,-1,-1,-1,-1,-1,-1,-1,-1,-1,-1,-1,-1,-1,-1,-1,-1,-1,-1,-1,-1,-1,-1,-1,-1,-1,-1,-1,-1,-1,-1,-1,-1,-1,-1,-1,-1,-1,-1,-1,-1,20.0,-1,-1,100.0,-1,-1,-1,-1,-1,-1,-1,-1,-1,-1,-1,-1,-1,-1,0.0,25.0,-1,-1,-1,-1,-1,-1,-1,-1,-1,-1,-1,-1,-1,-1
-1,-1,-1,-1,-1,33.526490066225165,31.374172185430464,26.572847682119207,-1,-1,-1,-1,-1,-1,-1,-1,-1,-1,-1,-1,-1,-1,-1,-1,-1,-1,-1,84.27152317880795,-1,-1,-1,-1,79.22185430463576,94.45364238410596,84.1887417218543,87.99668874172185,-1,-1,-1,-1,100.0,90.06622516556291,83.02980132450331,79.05629139072848,89.0728476821192,67.9635761589404,67.30132450331126,62.25165562913907,-1,-1,-1,-1,-1,-1,-1,66.80463576158941,96.35761589403974,76.82119205298014,71.93708609271523,67.63245033112582,-1,-1,-1,-1,-1,-1,-1,-1,78.8907284768212,74.08940397350993,-1,71.8543046357616,81.62251655629139,68.62582781456953,-1,-1,-1,-1,-1,-1,-1,71.93708609271523,70.36423841059603,60.01655629139073,-1,-1,-1,-1,-1,-1,-1,-1,-1,65.31456953642385,-1,-1,75.41390728476821,75.82781456953643,43.294701986754966,44.370860927152314,-1,-1,-1,-1,-1,-1,-1,-1,56.12582781456954,52.64900662251656,-1,42.384105960264904,57.36754966887417,-1,50.0,59.602649006622514,-1,-1,-1,-1,63.90728476821192,-1,-1,-1,-1,-1,-1,-1,-1,-1,39.40397350993378,34.519867549668874,-1,-1,-1,-1,-1,-1,-1,-1,0.8278145695364238,0.8278145695364238,0.8278145695364238,0.0,-1,-1,-1,-1,-1,-1,-1,30.29801324503311,-1,-1,36.175496688741724,43.95695364238411,-1,50.413907284768214,-1,-1
14.674361088211047,-1,-1,29.018961253091508,-1,-1,-1,-1,-1,-1,-1,-1,-1,-1,-1,-1,7.254740313272877,-1,-1,-1,-1,-1,3.462489694971146,-1,-1,100.0,-1,-1,-1,-1,50.45342126957956,53.751030502885406,-1,52.926628194558944,49.62901896125309,-1,-1,73.94888705688376,-1,65.37510305028854,-1,-1,-1,-1,-1,-1,49.62901896125309,-1,62.57213520197857,63.64385820280297,59.52184666117065,-1,52.926628194558944,51.27782357790602,30.667765869744436,29.018961253091508,-1,40.560593569662,38.911788953009065,52.10222588623248,-1,-1,-1,-1,-1,-1,52.926628194558944,-1,-1,-1,-1,17.394888705688377,-1,-1,-1,-1,66.11706512778235,52.51442704039572,-1,-1,-1,-1,-1,47.568013190436936,-1,-1,-1,-1,-1,-1,-1,-1,-1,-1,-1,-1,-1,-1,-1,-1,-1,-1,-1,-1,-1,-1,-1,-1,-1,-1,-1,-1,20.774938169826875,21.434460016488046,-1,-1,18.46661170651278,-1,-1,-1,-1,-1,-1,-1,-1,-1,-1,-1,-1,-1,-1,-1,-1,-1,-1,-1,-1,-1,-1,-1,-1,-1,1.8136850783182192,-1,-1,-1,-1,-1,-1,-1,0.0,-1,-1,-1,-1,-1,-1,-1,-1,-1
11.494252873563218,24.597701149425287,15.32567049808429,24.367816091954023,-1,19.46360153256705,19.46360153256705,13.333333333333334,18.9272030651341,14.022988505747126,11.187739463601533,18.160919540229884,41.22605363984675,1.3793103448275863,18.773946360153257,8.352490421455938,-1,-1,26.973180076628353,0.0,-1,29.34865900383142,6.436781609195402,-1,64.90421455938697,78.85057471264368,-1,-1,-1,48.04597701149425,57.01149425287356,-1,73.1800766283525,66.74329501915709,-1,-1,100.0,-1,88.65900383141762,92.79693486590038,-1,74.48275862068965,51.34099616858238,64.90421455938697,54.94252873563219,51.877394636015325,42.68199233716475,52.56704980842912,88.88888888888889,55.40229885057471,51.64750957854406,51.64750957854406,61.30268199233716,59.54022988505747,54.17624521072797,53.02681992337165,-1,28.88888888888889,52.490421455938694,68.50574712643679,-1,65.51724137931035,91.72413793103448,63.44827586206897,51.877394636015325,65.67049808429118,54.406130268199234,51.64750957854406,63.29501915708812,58.77394636015325,60.383141762452105,43.83141762452107,-1,49.11877394636015,-1,-1,57.93103448275862,61.37931034482759,64.82758620689656,58.77394636015325,-1,44.980842911877396,-1,50.11494252873563,-1,-1,77.31800766283524,-1,60.15325670498084,43.44827586206897,-1,78.08429118773947,54.252873563218394,-1,47.89272030651341,55.47892720306513,-1,44.75095785440613,46.81992337164751,-1,-1,-1,-1,-1,38.46743295019157,39.08045977011494,41.839080459770116,25.82375478927203,49.42528735632184,51.49425287356322,47.89272030651341,33.40996168582375,-1,41.76245210727969,28.199233716475096,-1,39.923371647509576,44.21455938697318,-1,-1,-1,48.50574712643678,-1,-1,30.191570881226053,37.088122605363985,43.984674329501914,16.015325670498083,-1,-1,-1,-1,34.252873563218394,33.946360153256705,28.199233716475096,-1,46.206896551724135,-1,27.89272030651341,57.93103448275862,-1,-1,-1,-1,-1,-1,-1,18.084291187739463,-1,-1,29.118773946360154,5.517241379310345,-1,29.042145593869733,23.831417624521073,17.31800766283525,-1,-1,-1,-1
19.86644407345576,-1,-1,-1,-1,-1,-1,-1,5.926544240400668,-1,-1,-1,8.597662771285476,-1,-1,20.20033388981636,-1,11.602671118530886,11.769616026711185,6.343906510851419,-1,-1,16.69449081803005,-1,-1,-1,-1,-1,-1,31.803005008347245,-1,-1,-1,-1,-1,-1,76.79465776293823,-1,-1,94.07345575959933,-1,-1,-1,-1,-1,69.36560934891486,89.73288814691152,100.0,-1,-1,44.15692821368948,-1,41.56928213689483,29.382303839732888,26.37729549248748,33.0550918196995,-1,27.629382303839733,-1,-1,-1,-1,-1,-1,-1,71.03505843071787,74.04006677796328,-1,-1,33.97328881469115,-1,33.0550918196995,-1,60.01669449081803,-1,-1,-1,57.095158597662774,64.27378964941569,63.18864774624374,36.97829716193656,37.89649415692821,-1,34.390651085141904,-1,-1,-1,-1,-1,-1,-1,-1,-1,-1,-1,-1,-1,-1,-1,-1,-1,-1,-1,-1,-1,-1,-1,-1,-1,-1,-1,-1,-1,-1,-1,-1,-1,-1,-1,-1,-1,18.280467445742904,18.864774624373958,29.54924874791319,13.10517529215359,16.360601001669448,16.86143572621035,-1,-1,-1,-1,-1,-1,10.01669449081803,12.437395659432386,13.10517529215359,-1,-1,-1,29.382303839732888,0.08347245409015025,0.08347245409015025,-1,-1,0.0,1.2520868113522539,-1,-1,-1,-1,-1,-1,15.609348914858098,16.86143572621035,12.353923205342237,9.181969949916528,-1,25.375626043405678,22.78797996661102,21.118530884808013
-1,31.42717497556207,-1,17.057673509286413,-1,-1,-1,-1,17.546432062561095,16.86217008797654,15.249266862170089,16.275659824046922,-1,16.177908113391986,-1,14.662756598240469,-1,-1,7.722385141739981,11.827956989247312,24.731182795698924,7.331378299120234,8.162267839687194,-1,-1,54.105571847507335,50.68426197458456,-1,-1,68.96383186705768,38.36754643206256,-1,49.70674486803519,44.81915933528837,49.12023460410557,51.17302052785924,80.59628543499511,72.7761485826002,79.61876832844575,-1,51.857282502443795,56.256109481915935,60.654936461388075,-1,59.57966764418377,34.75073313782991,39.589442815249264,-1,-1,-1,43.841642228739005,44.47702834799609,-1,-1,-1,-1,63.24535679374389,56.74486803519061,-1,-1,100.0,-1,90.42033235581623,69.35483870967742,-1,47.116324535679375,45.747800586510266,47.26295210166178,-1,-1,-1,-1,-1,-1,-1,-1,-1,43.59726295210166,45.747800586510266,47.26295210166178,-1,37.634408602150536,41.88660801564027,-1,-1,-1,-1,-1,-1,-1,-1,-1,-1,-1,-1,-1,-1,28.44574780058651,-1,-1,-1,-1,49.41348973607038,52.541544477028346,35.728250244379275,33.3822091886608,33.87096774193548,35.28836754643206,-1,-1,-1,-1,-1,-1,-1,-1,-1,-1,-1,-1,-1,-1,21.896383186705766,24.144672531769306,-1,20.283479960899317,17.59530791788856,32.99120234604106,27.908113391984358,16.56891495601173,16.226783968719452,16.129032258064516,-1,15.542521994134898,-1,-1,-1,-1,-1,-1,-1,0.0,0.4887585532746823,1.5640273704789833,-1,-1,31.72043010752688,18.817204301075268,21.8475073313783,33.67546432062561,-1,-1,41.78885630498534,38.41642228739003,37.3900293255132,37.878787878787875,-1,-1,-1,-1
21.77858439201452,30.852994555353902,-1,-1,-1,27.22323049001815,17.24137931034483,17.24137931034483,13.52087114337568,19.872958257713247,18.148820326678766,-1,4.537205081669692,4.537205081669692,6.352087114337568,19.782214156079856,-1,18.78402903811252,0.0,6.624319419237749,29.945553539019965,18.23956442831216,15.970961887477314,-1,-1,67.15063520871144,-1,-1,-1,-1,-1,-1,-1,-1,-1,-1,80.30852994555354,80.30852994555354,84.93647912885662,-1,-1,78.31215970961887,89.92740471869328,-1,80.76225045372051,100.0,66.2431941923775,-1,67.05989110707804,58.8929219600726,79.85480943738656,-1,-1,-1,-1,-1,-1,64.7912885662432,63.883847549909255,-1,-1,96.18874773139746,-1,-1,-1,-1,80.76225045372051,81.21597096188748,-1,76.22504537205081,68.05807622504537,-1,74.41016333938293,81.66969147005445,-1,-1,65.33575317604355,56.98729582577133,-1,95.28130671506352,-1,-1,67.15063520871144,67.15063520871144,-1,-1,-1,-1,62.06896551724138,-1,-1,60.07259528130672,61.705989110707804,59.618874773139744,61.34301270417423,54.26497277676951,73.86569872958258,-1,-1,72.23230490018149,-1,-1,-1,-1,46.188747731397456,-1,59.25589836660617,-1,-1,-1,-1,-1,-1,-1,-1,-1,44.1016333938294,-1,64.6098003629764,-1,-1,-1,-1,-1,33.03085299455535,27.22323049001815,-1,26.134301270417424,-1,-1,41.74228675136116,33.57531760435572,44.1016333938294,-1,-1,-1,-1,-1,26.406533575317603,-1,-1,16.1524500907441,16.1524500907441,16.1524500907441,-1,-1,-1,-1,-1,-1,-1,-1,-1,-1,36.47912885662432,-1,-1,-1,52.994555353901994,54.17422867513611
16.546762589928058,18.705035971223023,23.02158273381295,27.33812949640288,-1,16.762589928057555,14.748201438848922,8.70503597122302,20.64748201438849,18.1294964028777,23.02158273381295,18.1294964028777,11.29496402877698,17.33812949640288,11.223021582733812,18.1294964028777,-1,8.273381294964029,10.79136690647482,6.402877697841727,27.48201438848921,15.251798561151078,16.762589928057555,21.366906474820144,43.669064748201436,43.02158273381295,51.29496402877698,-1,-1,42.805755395683455,44.74820143884892,30.215827338129497,54.67625899280576,-1,47.48201438848921,-1,76.2589928057554,78.41726618705036,90.64748201438849,100.0,59.71223021582734,57.55395683453237,59.71223021582734,-1,48.92086330935252,44.60431654676259,44.60431654676259,48.92086330935252,-1,-1,-1,-1,46.76258992805755,42.44604316546763,35.97122302158273,45.39568345323741,56.330935251798564,51.07913669064748,55.39568345323741,45.32374100719424,-1,-1,70.50359712230215,68.34532374100719,74.82014388489209,57.55395683453237,59.71223021582734,57.55395683453237,-1,46.69064748201439,38.63309352517986,45.39568345323741,-1,-1,-1,-1,53.093525179856115,59.71223021582734,55.10791366906475,57.48201438848921,-1,-1,44.460431654676256,77.6978417266187,-1,61.8705035971223,66.18705035971223,-1,46.76258992805755,51.07913669064748,59.71223021582734,48.92086330935252,-1,38.1294964028777,33.81294964028777,33.81294964028777,46.76258992805755,35.97122302158273,42.44604316546763,48.92086330935252,-1,-1,-1,-1,40.28776978417266,44.60431654676259,35.46762589928058,41.36690647482014,-1,-1,-1,-1,35.97122302158273,32.37410071942446,29.496402877697843,27.33812949640288,34.82014388489208,38.1294964028777,38.1294964028777,46.76258992805755,-1,-1,-1,-1,25.179856115107913,31.510791366906474,-1,-1,-1,-1,-1,-1,25.68345323741007,28.776978417266186,34.53237410071942,23.381294964028775,29.496402877697843,25.179856115107913,-1,23.02158273381295,-1,18.705035971223023,9.352517985611511,0.0,-1,32.51798561151079,12.23021582733813,-1,11.654676258992806,13.597122302158274,24.31654676258993,30.215827338129497,-1,34.53237410071942,27.12230215827338,24.964028776978417,49.64028776978417,38.70503597122302,-1,-1
19.37639198218263,11.284335560504825,17.891610987379362,9.428359317000742,12.917594654788418,16.035634743875278,12.917594654788418,11.804008908685969,30.438010393466964,11.284335560504825,11.284335560504825,8.166295471417966,2.078693392724573,10.096510764662213,13.882702301410541,9.428359317000742,14.25389755011136,2.5241276911655532,0.0,0.5196733481811433,11.284335560504825,18.55976243504083,15.441722345953972,19.37639198218263,41.796585003711954,39.56941351150705,46.69636228656273,46.69636228656273,44.02375649591685,36.00593912397921,33.55605048255382,26.13214550853749,49.220489977728285,46.17668893838159,36.15441722345954,44.02375649591685,49.072011878247956,52.19005196733482,57.238307349665924,61.02449888641426,50.18559762435041,39.12397921306607,42.46473645137342,42.761692650334076,34.66963622865627,31.70007423904974,23.682256867112102,38.97550111358574,54.639940608760206,57.98069784706756,57.238307349665924,54.71417965850037,-1,51.00222717149221,43.28136599851522,44.914625092798815,58.500371195248704,57.238307349665924,50.70527097253155,46.39940608760208,100.0,66.5924276169265,65.10764662212324,61.469933184855236,51.37342242019302,48.775055679287306,49.220489977728285,46.102449888641424,-1,44.17223459539718,37.93615441722346,42.761692650334076,64.95916852264291,59.61395694135115,48.775055679287306,51.37342242019302,49.072011878247956,44.61766889383816,42.910170749814405,42.3162583518931,33.85300668151448,32.36822568671121,33.630289532293986,-1,52.635486265775796,55.82776540460282,62.360801781737194,-1,37.26800296956199,-1,-1,32.36822568671121,45.06310319227914,38.38158871566444,45.211581291759465,42.761692650334076,49.220489977728285,53.97178916109874,43.57832219747587,44.02375649591685,65.25612472160357,56.05048255382331,55.15961395694135,61.24721603563474,-1,34.521158129175944,27.319970304380103,-1,-1,23.979213066072756,19.524870081662954,17.074981440237565,37.41648106904232,36.15441722345954,23.533778767631773,30.438010393466964,-1,-1,35.337787676317745,-1,-1,-1,-1,-1,9.948032665181886,13.882702301410541,18.262806236080177,-1,-1,-1,-1,18.856718634001485,31.997030438010395,34.224201930215294,16.629547141796586,10.764662212323682,12.991833704528583,22.12323682256867,22.71714922048998,21.306607275426874,-1,-1,-1,-1,-1,15.812917594654788,8.760207869339272,29.324424647364513,-1,5.716406829992576,26.429101707498145,29.91833704528582,-1,26.280623608017816,15.590200445434299,9.873793615441722,43.05864884929473,34.0014847809948,34.0014847809948,-1
25.5609756097561,24.585365853658537,29.26829268292683,26.4390243902439,-1,-1,-1,2.5365853658536586,2.731707317073171,4.780487804878049,19.70731707317073,24.878048780487806,-1,-1,-1,-1,-1,-1,0.5853658536585366,0.0,-1,13.170731707317072,13.170731707317072,4.390243902439025,-1,57.073170731707314,67.70731707317073,61.36585365853659,51.1219512195122,45.853658536585364,42.53658536585366,58.829268292682926,83.1219512195122,65.85365853658537,65.85365853658537,-1,-1,-1,91.3170731707317,93.5609756097561,72.0,76.39024390243902,42.4390243902439,40.48780487804878,70.73170731707317,56.97560975609756,47.31707317073171,62.926829268292686,-1,71.1219512195122,79.90243902439025,76.29268292682927,81.46341463414635,-1,-1,69.95121951219512,93.36585365853658,43.41463414634146,71.1219512195122,76.48780487804878,-1,-1,-1,66.34146341463415,74.2439024390244,71.1219512195122,-1,59.31707317073171,72.58536585365853,80.8780487804878,-1,75.41463414634147,72.6829268292683,80.39024390243902,64.8780487804878,69.7560975609756,77.5609756097561,64.6829268292683,88.29268292682927,63.21951219512195,58.73170731707317,61.951219512195124,60.390243902439025,57.073170731707314,-1,64.8780487804878,76.58536585365853,-1,59.02439024390244,63.51219512195122,63.80487804878049,59.90243902439025,-1,67.21951219512195,-1,-1,-1,60.78048780487805,75.60975609756098,-1,60.97560975609756,-1,-1,-1,43.21951219512195,41.46341463414634,-1,-1,44.78048780487805,38.53658536585366,-1,28.097560975609756,45.65853658536585,-1,27.21951219512195,42.146341463414636,60.97560975609756,39.51219512195122,-1,-1,-1,-1,-1,-1,32.48780487804878,-1,37.46341463414634,33.36585365853659,44.390243902439025,5.365853658536586,28.78048780487805,30.73170731707317,41.46341463414634,-1,-1,-1,19.70731707317073,-1,-1,28.585365853658537,-1,-1,-1,-1,15.121951219512194,21.170731707317074,25.853658536585368,26.048780487804876,-1,13.170731707317072,19.21951219512195,-1,100.0,54.73170731707317,32.19512195121951,17.365853658536587,-1,-1,-1,-1
39.341421143847484,46.360485268630846,48.96013864818024,39.42807625649913,40.72790294627383,35.788561525129985,32.582322357019066,38.30155979202773,21.663778162911612,32.06239168110918,25.823223570190642,25.216637781629117,-1,24.696707105719238,22.96360485268631,16.03119584055459,22.357019064124785,25.64991334488735,22.790294627383016,-1,15.164644714038129,-1,24.696707105719238,13.518197573656845,88.30155979202773,81.19584055459272,75.30329289428076,71.83708838821491,-1,58.578856152513,52.68630849220104,65.59792027729637,83.0155979202773,81.36915077989602,70.79722703639514,78.68284228769497,83.0155979202773,87.60831889081456,100.0,96.2738301559792,77.98960138648181,78.85615251299826,69.23743500866551,77.90294627383015,48.96013864818024,46.360485268630846,35.961871750433275,35.09532062391681,56.84575389948007,68.54419410745234,79.54939341421144,73.83015597920277,60.22530329289428,61.091854419410744,64.5580589254766,50.25996533795494,51.73310225303293,49.04679376083189,42.02772963604853,36.39514731369151,75.30329289428076,86.22183708838821,95.66724436741768,82.92894280762565,81.8890814558059,75.82322357019063,66.29116117850953,77.29636048526864,69.41074523396881,62.47833622183709,59.96533795493934,76.34315424610053,58.578856152513,64.5580589254766,55.892547660311955,73.3102253032929,-1,67.50433275563259,77.98960138648181,58.40554592720971,63.51819757365685,65.59792027729637,49.04679376083189,67.50433275563259,72.44367417677643,72.44367417677643,72.44367417677643,-1,64.5580589254766,70.8838821490468,64.5580589254766,65.42461005199307,61.35181975736568,48.96013864818024,52.772963604852684,43.240901213171576,63.69150779896014,59.01213171577123,63.69150779896014,59.01213171577123,78.59618717504333,80.15597920277297,74.4367417677643,-1,36.82842287694974,40.294627383015595,-1,32.842287694974004,37.001733102253034,42.63431542461005,30.502599653379548,36.13518197573657,27.03639514731369,29.549393414211437,27.209705372616984,-1,-1,-1,-1,-1,50.08665511265165,49.393414211438476,51.559792027729635,-1,36.82842287694974,35.961871750433275,31.542461005199307,32.40901213171577,-1,21.23050259965338,21.23050259965338,19.32409012131716,44.62738301559792,21.23050259965338,40.72790294627383,40.03466204506066,25.476603119584055,35.788561525129985,-1,25.5632582322357,-1,30.329289428076258,0.0,6.152512998266897,-1,-1,-1,42.98093587521664,-1,21.750433275563257,28.50953206239168,30.67590987868284,43.76083188908146,33.36221837088388,21.750433275563257,17.504332755632582,66.81109185441942,46.79376083188908,36.04852686308492,50.25996533795494
-1,-1,-1,-1,-1,-1,-1,28.47682119205298,-1,-1,-1,-1,-1,-1,-1,-1,-1,-1,-1,-1,-1,-1,-1,-1,-1,-1,-1,-1,-1,84.8628192999054,-1,-1,-1,-1,-1,-1,-1,-1,-1,-1,-1,-1,-1,-1,-1,-1,-1,-1,-1,-1,-1,-1,-1,-1,-1,-1,-1,-1,-1,-1,-1,-1,-1,-1,-1,-1,-1,-1,-1,86.09271523178808,-1,-1,100.0,-1,90.53926206244087,92.90444654683066,-1,83.44370860927152,71.33396404919584,-1,-1,-1,-1,-1,-1,-1,-1,-1,-1,-1,-1,-1,-1,-1,-1,-1,-1,-1,-1,-1,-1,-1,-1,-1,-1,-1,-1,-1,-1,51.75023651844844,58.372753074739826,-1,52.980132450331126,-1,62.25165562913907,-1,-1,-1,-1,-1,-1,-1,-1,-1,-1,49.952696310312206,47.30368968779565,-1,45.600756859035,46.7360454115421,-1,65.1844843897824,-1,-1,68.87417218543047,59.12961210974456,-1,-1,-1,-1,-1,-1,-1,0.0,-1,-1,-1,-1,-1,-1,-1,-1,33.77483443708609,26.20624408703879,-1,-1,-1,56.480605487228004,-1,-1
-1,22.67250821467689,16.757940854326396,6.571741511500548,-1,13.80065717415115,9.748083242059145,12.595837897042717,-1,10.295728368017524,6.900328587075575,11.829134720700985,-1,-1,12.924424972617743,-1,-1,1.3143483023001095,0.21905805038335158,-1,31.763417305585982,29.13472070098576,19.82475355969332,20.810514786418402,-1,-1,-1,-1,-1,-1,-1,-1,49.835706462212485,39.539978094194964,35.487404162102955,35.26834611171961,-1,86.8565169769989,100.0,80.39430449069003,-1,77.3274917853231,69.11281489594742,50.71193866374589,-1,69.44140197152245,61.555312157721794,82.69441401971523,-1,80.065717415115,85.98028477546549,91.45673603504929,-1,78.3132530120482,-1,-1,58.8170865279299,47.86418400876232,62.32201533406353,57.61226725082147,56.078860898138004,94.19496166484119,68.3461117196057,87.95180722891567,-1,54.7645125958379,62.431544359255206,66.04600219058051,72.28915662650603,64.62212486308871,56.955093099671416,46.65936473165389,66.15553121577219,69.00328587075575,65.71741511500548,57.61226725082147,56.078860898138004,66.70317634173055,-1,92.00438116100767,-1,-1,-1,48.4118291347207,-1,-1,-1,-1,47.754654983570646,51.5881708652793,-1,-1,38.33515881708653,47.31653888280394,46.440306681270535,44.57831325301205,55.969331872946334,-1,-1,-1,-1,-1,-1,-1,38.33515881708653,40.525739320920046,39.539978094194964,46.002190580503836,-1,-1,37.23986856516977,23.001095290251918,41.621029572836804,35.049288061336256,27.272727272727273,38.99233296823658,54.7645125958379,43.81161007667032,-1,-1,-1,37.458926615553125,38.11610076670318,-1,23.877327491785323,25.739320920043813,30.668127053669224,49.397590361445786,23.001095290251918,28.477546549835708,21.90580503833516,-1,47.097480832420594,47.31653888280394,43.81161007667032,-1,-1,-1,-1,-1,-1,3.3953997809419496,0.0,-1,-1,-1,-1,-1,-1,-1,16.42935377875137,13.143483023001096,-1,-1,-1,-1,55.53121577217963,-1,-1,-1
-1,16.70721816707218,19.221411192214113,-1,-1,-1,-1,3.1630170316301705,-1,-1,-1,-1,-1,2.18978102189781,0.0,3.1630170316301705,-1,-1,-1,-1,-1,-1,-1,-1,45.49878345498784,49.06731549067315,-1,-1,-1,-1,53.446877534468776,45.49878345498784,100.0,-1,53.933495539334956,-1,-1,-1,-1,-1,-1,-1,-1,-1,-1,-1,48.58069748580697,44.8499594484996,-1,-1,69.9918896999189,81.75182481751825,-1,-1,-1,-1,-1,57.258718572587185,-1,-1,-1,-1,-1,66.5044606650446,43.714517437145176,-1,43.47120843471208,53.85239253852392,-1,-1,-1,-1,-1,-1,45.49878345498784,32.522303325223035,-1,53.20356853203568,80.7785888077859,82.07623682076238,-1,-1,-1,-1,-1,-1,-1,-1,37.145174371451745,42.254663422546635,70.39740470397405,-1,58.31305758313058,59.77291159772911,54.095701540957016,-1,52.960259529602595,-1,-1,-1,-1,-1,-1,-1,34.306569343065696,31.467964314679644,34.38767234387672,37.307380373073805,44.038929440389296,35.92862935928629,28.223844282238442,26.84509326845093,47.850770478507705,47.201946472019465,35.360908353609084,33.495539334955396,-1,52.149229521492295,46.4720194647202,-1,42.416869424168695,-1,-1,37.22627737226277,22.789943227899432,29.359286293592863,33.73884833738848,-1,-1,-1,22.54663422546634,13.86861313868613,48.09407948094079,41.605839416058394,-1,25.385239253852394,23.682076236820762,19.302514193025143,52.960259529602595,37.956204379562045,-1,-1,-1,-1,-1,19.059205190592053,30.656934306569344,33.09002433090024,-1,29.034874290348743,30.089213300892133,-1,42.01135442011354,35.117599351176,-1,36.90186536901865,-1,-1,-1,-1
-1,-1,-1,-1,-1,-1,-1,-1,-1,-1,-1,-1,-1,-1,-1,-1,-1,-1,-1,-1,-1,-1,29.06574394463668,-1,-1,-1,-1,100.0,-1,-1,-1,-1,-1,-1,-1,-1,-1,-1,-1,-1,-1,-1,-1,-1,-1,-1,-1,-1,-1,3.9792387543252596,-1,-1,27.335640138408305,-1,-1,-1,20.761245674740483,17.647058823529413,28.37370242214533,-1,-1,-1,-1,-1,-1,-1,-1,-1,-1,-1,-1,-1,-1,-1,-1,-1,-1,-1,-1,-1,6.57439446366782,22.14532871972318,20.41522491349481,-1,-1,-1,-1,-1,11.418685121107266,0.0,35.46712802768166,49.134948096885815,-1,-1,-1,-1,-1,-1,-1,-1,-1,-1,-1,-1,-1,-1,-1,-1,-1,-1,-1,-1,-1,-1,-1,-1,-1,-1,-1,-1,-1,-1,-1,-1,-1,-1,-1,-1,-1,-1,-1,-1,-1,-1,-1,-1,-1,-1,-1,-1,-1,-1,-1,-1,-1,-1,-1,-1,-1,-1,-1,-1,-1,-1,-1,-1,-1,-1,-1,-1
22.580645161290324,41.935483870967744,41.935483870967744,-1,-1,-1,41.935483870967744,22.580645161290324,1.2903225806451613,41.935483870967744,31.29032258064516,-1,22.580645161290324,41.935483870967744,41.935483870967744,-1,-1,-1,41.935483870967744,22.580645161290324,54.83870967741935,-1,51.61290322580645,-1,9.67741935483871,32.25806451612903,54.83870967741935,-1,-1,-1,38.70967741935484,16.129032258064516,77.41935483870968,67.74193548387096,45.16129032258065,-1,35.483870967741936,51.61290322580645,54.83870967741935,-1,-1,-1,51.61290322580645,-1,83.87096774193549,67.74193548387096,-1,-1,70.96774193548387,100.0,-1,-1,-1,-1,-1,-1,-1,-1,-1,-1,-1,-1,-1,-1,32.25806451612903,45.16129032258065,58.064516129032256,-1,100.0,-1,-1,-1,-1,-1,-1,-1,38.70967741935484,58.064516129032256,77.41935483870968,-1,-1,-1,58.064516129032256,38.70967741935484,-1,58.064516129032256,74.19354838709677,90.3225806451613,38.70967741935484,54.83870967741935,70.96774193548387,-1,-1,-1,51.61290322580645,35.483870967741936,-1,67.74193548387096,51.61290322580645,-1,-1,70.96774193548387,80.64516129032258,-1,35.483870967741936,51.61290322580645,67.74193548387096,-1,-1,-1,-1,-1,-1,-1,-1,-1,-1,67.74193548387096,-1,-1,-1,51.61290322580645,67.74193548387096,83.87096774193549,35.483870967741936,51.61290322580645,67.74193548387096,-1,-1,-1,51.61290322580645,38.70967741935484,-1,67.74193548387096,58.064516129032256,-1,12.903225806451612,38.70967741935484,54.83870967741935,77.41935483870968,-1,-1,-1,-1,0.0,12.903225806451612,25.806451612903224,38.70967741935484,38.70967741935484,25.806451612903224,-1,16.129032258064516,38.70967741935484,-1,45.16129032258065,16.129032258064516,-1,-1,45.16129032258065,-1
32.556497175141246,38.84180790960452,46.68079096045198,-1,33.26271186440678,22.66949152542373,-1,32.556497175141246,35.16949152542373,31.073446327683616,43.50282485875706,-1,13.841807909604519,15.254237288135593,34.53389830508475,30.01412429378531,30.649717514124294,2.1186440677966103,0.0,44.279661016949156,-1,-1,19.491525423728813,24.152542372881356,-1,-1,67.01977401129943,62.5,35.16949152542373,76.12994350282486,48.163841807909606,54.66101694915254,62.5,63.13559322033898,74.15254237288136,68.22033898305085,-1,68.2909604519774,74.78813559322033,89.12429378531074,63.13559322033898,59.18079096045198,57.27401129943503,55.367231638418076,56.92090395480226,54.02542372881356,39.97175141242938,-1,74.57627118644068,78.8135593220339,100.0,80.64971751412429,74.01129943502825,68.22033898305085,65.04237288135593,65.67796610169492,67.01977401129943,63.13559322033898,56.63841807909605,76.69491525423729,88.70056497175142,85.31073446327683,83.33333333333333,81.7090395480226,50.0,53.67231638418079,67.01977401129943,49.293785310734464,49.152542372881356,-1,52.824858757062145,72.1045197740113,-1,61.51129943502825,61.652542372881356,-1,83.05084745762711,86.5819209039548,93.64406779661017,62.5,-1,67.01977401129943,46.186440677966104,63.13559322033898,-1,86.86440677966101,70.90395480225989,70.97457627118644,-1,61.15819209039548,76.76553672316385,62.5,83.96892655367232,-1,42.30225988700565,73.51694915254237,54.66101694915254,70.90395480225989,50.77683615819209,-1,-1,50.21186440677966,55.932203389830505,67.01977401129943,35.31073446327684,36.29943502824859,47.951977401129945,46.89265536723164,47.52824858757062,41.03107344632768,46.25706214689266,33.05084745762712,41.59604519774011,50.56497175141243,28.177966101694917,47.1045197740113,43.14971751412429,50.56497175141243,43.14971751412429,47.1045197740113,45.621468926553675,48.09322033898305,46.82203389830509,-1,38.206214689265536,23.870056497175142,41.03107344632768,35.87570621468927,36.51129943502825,38.771186440677965,21.045197740112993,41.59604519774011,48.44632768361582,25.494350282485875,25.635593220338983,39.97175141242938,43.220338983050844,23.65819209039548,29.59039548022599,27.401129943502823,4.307909604519774,16.949152542372882,7.627118644067797,-1,-1,-1,12.923728813559322,20.338983050847457,-1,15.748587570621469,12.782485875706215,26.55367231638418,-1,29.449152542372882,40.25423728813559,24.152542372881356,70.97457627118644,50.21186440677966,34.25141242937853,30.296610169491526
-1,-1,-1,-1,-1,-1,-1,-1,-1,-1,-1,-1,70.83333333333333,78.84615384615384,-1,-1,73.3974358974359,83.01282051282051,-1,-1,79.8076923076923,89.42307692307692,-1,-1,-1,-1,-1,-1,69.23076923076923,77.88461538461539,-1,-1,-1,-1,-1,-1,-1,-1,-1,-1,-1,-1,100.0,-1,-1,-1,-1,-1,-1,-1,-1,-1,-1,63.46153846153846,-1,-1,71.15384615384616,66.34615384615384,-1,-1,-1,-1,-1,-1,43.26923076923077,-1,-1,-1,25.96153846153846,-1,-1,-1,18.26923076923077,-1,-1,-1,-1,-1,-1,-1,34.61538461538461,-1,-1,-1,21.153846153846153,-1,-1,-1,12.179487179487179,-1,-1,-1,9.615384615384615,-1,-1,-1,-1,-1,-1,-1,-1,-1,-1,-1,-1,-1,-1,-1,-1,-1,-1,-1,-1,-1,-1,-1,-1,-1,-1,-1,-1,-1,-1,-1,-1,-1,-1,-1,-1,-1,-1,-1,-1,-1,-1,-1,-1,-1,-1,-1,-1,-1,-1,-1,-1,-1,10.256410256410257,-1,0.0,11.85897435897436,-1,-1,1.6025641025641026,-1,-1,-1,-1,-1,14.743589743589743,2.2435897435897436
12.380038387715931,14.107485604606525,-1,-1,-1,-1,-1,-1,-1,-1,-1,-1,-1,21.30518234165067,27.06333973128599,30.9021113243762,-1,8.157389635316699,5.278310940499041,-1,-1,8.157389635316699,-1,-1,69.28982725527831,-1,69.28982725527831,65.4510556621881,52.01535508637236,55.854126679462574,55.854126679462574,-1,-1,46.257197696737045,-1,-1,-1,-1,-1,-1,-1,-1,-1,-1,-1,-1,-1,-1,42.41842610364683,-1,-1,100.0,-1,-1,-1,-1,-1,42.41842610364683,40.49904030710173,-1,76.00767754318618,-1,89.44337811900192,-1,36.660268714011515,36.660268714011515,50.09596928982725,40.49904030710173,-1,-1,-1,17.46641074856046,-1,-1,-1,-1,44.33781190019194,50.09596928982725,55.854126679462574,55.854126679462574,-1,-1,-1,-1,-1,30.9021113243762,40.49904030710173,-1,19.385796545105567,28.982725527831093,34.74088291746641,32.82149712092131,-1,-1,-1,-1,-1,40.49904030710173,40.49904030710173,-1,-1,36.660268714011515,-1,-1,19.385796545105567,23.99232245681382,27.2552783109405,28.790786948176585,21.30518234165067,28.982725527831093,-1,-1,-1,-1,-1,-1,-1,-1,-1,-1,-1,-1,-1,-1,21.30518234165067,-1,22.072936660268713,21.880998080614205,-1,-1,-1,-1,-1,-1,-1,-1,0.0,4.606525911708253,6.046065259117083,12.380038387715931,-1,-1,-1,-1,-1,-1,-1,-1,-1,3.6468330134357005,7.869481765834933,-1,8.349328214971209,13.051823416506718,-1,-1,-1,-1,-1,-1
22.727272727272727,27.272727272727273,31.818181818181817,33.63636363636363,43.63636363636363,37.27272727272727,33.63636363636363,22.727272727272727,-1,-1,-1,-1,-1,-1,-1,-1,33.63636363636363,20.0,4.545454545454546,0.0,48.18181818181818,19.09090909090909,17.272727272727273,44.54545454545455,70.0,68.18181818181819,77.27272727272727,61.81818181818182,-1,68.18181818181819,31.818181818181817,45.45454545454545,77.27272727272727,-1,47.27272727272727,-1,72.72727272727273,-1,68.18181818181819,68.18181818181819,-1,73.63636363636364,67.27272727272727,45.45454545454545,80.0,50.90909090909091,48.18181818181818,42.72727272727273,79.0909090909091,-1,100.0,-1,-1,42.72727272727273,44.54545454545455,66.36363636363636,79.0909090909091,60.0,-1,-1,-1,-1,-1,-1,60.0,70.0,63.63636363636363,57.27272727272727,-1,54.54545454545455,55.45454545454545,-1,70.0,77.27272727272727,59.09090909090909,70.9090909090909,-1,-1,-1,64.54545454545455,66.36363636363636,54.54545454545455,71.81818181818181,-1,-1,78.18181818181819,72.72727272727273,-1,77.27272727272727,72.72727272727273,72.72727272727273,58.18181818181818,-1,63.63636363636363,-1,-1,66.36363636363636,80.9090909090909,-1,-1,-1,63.63636363636363,58.18181818181818,-1,6.363636363636363,12.727272727272727,20.90909090909091,50.90909090909091,-1,2.727272727272727,63.63636363636363,50.0,40.0,69.0909090909091,67.27272727272727,-1,70.9090909090909,69.0909090909091,80.9090909090909,-1,-1,30.0,45.45454545454545,-1,21.818181818181817,17.272727272727273,21.818181818181817,45.45454545454545,-1,29.09090909090909,-1,-1,33.63636363636363,31.818181818181817,13.636363636363637,31.818181818181817,-1,-1,-1,-1,-1,-1,18.181818181818183,2.727272727272727,-1,-1,-1,37.27272727272727,42.90909090909091,-1,52.72727272727273,-1,-1,-1,-1,-1,-1,-1,-1,-1
-1,-1,-1,-1,-1,-1,-1,11.562782294489612,5.058717253839205,-1,-1,-1,-1,-1,-1,-1,-1,-1,-1,-1,-1,-1,-1,-1,-1,-1,-1,-1,-1,-1,-1,-1,-1,-1,-1,-1,-1,99.1869918699187,-1,-1,98.193315266486,100.0,-1,-1,-1,-1,-1,-1,-1,61.60794941282746,-1,-1,-1,-1,-1,-1,-1,-1,-1,-1,-1,-1,-1,-1,-1,-1,-1,-1,-1,-1,-1,-1,-1,-1,-1,-1,-1,-1,-1,-1,-1,-1,-1,-1,-1,83.28816621499548,-1,-1,80.21680216802169,82.20415537488708,-1,-1,26.377597109304425,-1,-1,-1,-1,52.75519421860885,57.72357723577236,-1,-1,-1,-1,-1,-1,-1,-1,-1,-1,-1,-1,-1,-1,-1,-1,-1,70.73170731707317,71.90605239385727,-1,-1,-1,-1,58.08491418247516,-1,-1,-1,-1,-1,-1,-1,-1,-1,-1,-1,-1,-1,-1,0.0,38.39205058717254,-1,-1,-1,-1,-1,-1,-1,-1,-1,-1,-1,-1,-1,-1,-1,-1,-1,-1,-1,-1,-1
-1,-1,-1,-1,-1,-1,-1,-1,-1,-1,-1,-1,-1,-1,-1,-1,-1,-1,-1,-1,-1,8.904109589041095,20.205479452054796,-1,-1,43.49315068493151,52.397260273972606,-1,39.726027397260275,48.63013698630137,57.19178082191781,-1,44.863013698630134,53.42465753424658,62.32876712328767,-1,-1,-1,-1,-1,-1,-1,-1,-1,-1,-1,-1,-1,-1,-1,-1,-1,-1,-1,-1,-1,-1,75.34246575342466,-1,-1,-1,-1,-1,-1,-1,-1,-1,-1,6.8493150684931505,-1,-1,-1,-1,36.3013698630137,45.205479452054796,6.8493150684931505,-1,-1,-1,-1,-1,-1,-1,-1,-1,-1,-1,-1,-1,-1,-1,-1,-1,-1,-1,-1,-1,-1,-1,-1,-1,-1,-1,-1,-1,-1,-1,-1,-1,-1,-1,-1,-1,8.904109589041095,17.80821917808219,-1,0.0,8.904109589041095,17.80821917808219,-1,-1,-1,-1,-1,-1,-1,-1,-1,-1,-1,-1,-1,-1,15.753424657534246,24.65753424657534,-1,-1,-1,-1,-1,28.08219178082192,38.35616438356164,48.63013698630137,-1,-1,-1,-1,-1,-1,-1,-1,-1,-1,74.31506849315069,87.32876712328768,-1,73.97260273972603,86.98630136986301,100.0,-1
-1,-1,-1,-1,-1,-1,-1,-1,-1,-1,-1,-1,-1,-1,-1,-1,-1,-1,-1,-1,-1,-1,-1,-1,-1,-1,-1,-1,-1,-1,-1,-1,-1,-1,-1,-1,-1,-1,-1,-1,-1,-1,-1,-1,-1,-1,-1,-1,-1,-1,-1,-1,-1,-1,-1,-1,-1,-1,-1,-1,-1,-1,-1,-1,-1,-1,-1,-1,-1,-1,-1,-1,-1,-1,-1,-1,-1,-1,-1,-1,-1,-1,-1,-1,-1,-1,-1,-1,100.0,-1,-1,-1,-1,-1,-1,84.87394957983193,-1,30.252100840336134,-1,-1,-1,-1,-1,-1,-1,-1,-1,-1,-1,-1,-1,-1,-1,15.126050420168067,-1,-1,4.201680672268908,15.126050420168067,-1,-1,-1,-1,-1,-1,-1,-1,-1,-1,-1,-1,-1,-1,-1,15.126050420168067,-1,-1,-1,-1,-1,-1,4.201680672268908,15.126050420168067,-1,-1,-1,-1,-1,-1,-1,-1,-1,-1,54.621848739495796,21.84873949579832,31.932773109243698,54.621848739495796,0.0,10.084033613445378,-1,-1
-1,-1,-1,-1,-1,-1,-1,-1,-1,-1,-1,-1,-1,-1,-1,-1,-1,-1,-1,-1,-1,-1,-1,-1,-1,-1,-1,-1,-1,-1,-1,-1,-1,-1,-1,-1,-1,-1,-1,-1,-1,-1,-1,-1,-1,-1,-1,-1,99.05660377358491,-1,-1,-1,-1,-1,-1,-1,-1,100.0,-1,-1,-1,-1,-1,-1,-1,-1,-1,-1,-1,-1,-1,-1,-1,73.58490566037736,-1,-1,69.81132075471699,-1,-1,-1,-1,-1,-1,-1,-1,-1,-1,-1,-1,-1,-1,-1,-1,-1,-1,-1,-1,81.60377358490567,-1,-1,-1,-1,-1,-1,-1,-1,-1,-1,-1,-1,-1,-1,-1,50.943396226415096,60.84905660377358,-1,33.0188679245283,39.62264150943396,-1,-1,-1,29.71698113207547,-1,-1,16.50943396226415,-1,-1,-1,-1,-1,-1,-1,-1,17.92452830188679,-1,-1,-1,-1,-1,-1,0.0,6.132075471698113,-1,-1,-1,-1,-1,-1,-1,-1,-1,-1,-1,16.037735849056602,-1,-1,0.0,5.660377358490566,-1,-1
-1,-1,-1,-1,-1,-1,-1,-1,-1,-1,-1,-1,-1,-1,-1,-1,-1,-1,-1,-1,-1,-1,-1,-1,-1,-1,-1,-1,-1,-1,-1,-1,-1,-1,-1,-1,-1,-1,-1,-1,-1,-1,-1,-1,-1,-1,-1,-1,-1,-1,-1,-1,-1,-1,-1,-1,-1,-1,-1,-1,-1,-1,-1,-1,-1,-1,-1,-1,-1,-1,-1,-1,-1,-1,100.0,-1,-1,-1,-1,-1,-1,-1,-1,-1,-1,-1,-1,-1,-1,-1,-1,-1,-1,-1,-1,-1,-1,61.796042617960424,-1,-1,-1,-1,-1,-1,-1,-1,-1,-1,-1,-1,-1,-1,-1,37.29071537290715,41.856925418569254,-1,-1,-1,-1,-1,-1,-1,-1,-1,-1,-1,-1,-1,29.22374429223744,-1,21.004566210045663,-1,14.459665144596652,0.0,12.1765601217656,-1,9.58904109589041,-1,-1,-1,-1,-1,-1,-1,-1,-1,-1,-1,-1,-1,19.025875190258752,-1,-1,-1,-1,-1,-1,-1,-1,-1
18.07531380753138,29.790794979079497,-1,-1,-1,-1,-1,20.502092050209207,10.543933054393305,8.870292887029288,-1,45.02092050209205,2.092050209205021,0.0,2.2594142259414225,-1,25.523012552301257,4.351464435146443,15.648535564853557,2.092050209205021,23.430962343096233,15.648535564853557,14.142259414225942,23.09623430962343,44.26778242677824,45.77405857740586,54.81171548117155,-1,54.05857740585774,-1,-1,-1,-1,58.57740585774059,57.07112970711297,59.33054393305439,-1,-1,100.0,-1,-1,-1,-1,84.18410041841004,-1,-1,95.48117154811716,-1,-1,-1,-1,-1,48.03347280334728,49.53974895397489,48.03347280334728,-1,-1,-1,-1,-1,76.82008368200837,85.85774058577405,75.31380753138075,76.06694560669456,84.35146443514644,67.61506276150628,44.85355648535565,43.17991631799163,48.03347280334728,56.56903765690377,44.85355648535565,43.68200836820084,43.17991631799163,44.85355648535565,-1,-1,53.47280334728033,-1,57.23849372384937,54.05857740585774,43.68200836820084,42.92887029288703,45.94142259414226,43.68200836820084,-1,68.36820083682008,88.7029288702929,-1,45.77405857740586,45.02092050209205,-1,48.78661087866109,-1,32.38493723849373,32.38493723849373,30.87866108786611,43.17991631799163,41.50627615062761,44.01673640167364,-1,57.99163179916318,-1,57.23849372384937,-1,45.94142259414226,43.68200836820084,36.48535564853557,38.99581589958159,-1,-1,-1,-1,42.17573221757322,34.47698744769875,33.72384937238494,45.94142259414226,-1,26.94560669456067,44.01673640167364,43.17991631799163,45.94142259414226,-1,32.38493723849373,25.606694560669457,30.87866108786611,14.309623430962343,18.07531380753138,30.627615062761507,25.606694560669457,13.556485355648535,16.401673640167363,39.8326359832636,-1,25.10460251046025,22.259414225941423,26.443514644351463,17.90794979079498,20.92050209205021,20.167364016736403,21.673640167364017,3.598326359832636,-1,2.092050209205021,-1,-1,8.870292887029288,11.380753138075313,21.673640167364017,8.870292887029288,20.92050209205021,11.380753138075313,-1,29.9581589958159,28.95397489539749,29.790794979079497,-1,47.28033472803347,47.28033472803347,46.52719665271967,82.51046025104603
